true,pred,true_name,pred_name
8,3,River,Highway
8,8,River,River
8,8,River,River
8,8,River,River
8,3,River,Highway
8,8,River,River
8,8,River,River
8,8,River,River
8,8,River,River
8,8,River,River
8,8,River,River
8,8,River,River
8,8,River,River
8,8,River,River
8,8,River,River
8,8,River,River
8,8,River,River
8,8,River,River
8,8,River,River
8,3,River,Highway
8,8,River,River
8,8,River,River
8,8,River,River
8,3,River,Highway
8,8,River,River
8,8,River,River
8,8,River,River
8,8,River,River
8,8,River,River
8,8,River,River
8,8,River,River
8,8,River,River
8,8,River,River
8,8,River,River
8,8,River,River
8,8,River,River
8,8,River,River
8,8,River,River
8,8,River,River
8,8,River,River
8,8,River,River
8,8,River,River
8,8,River,River
8,8,River,River
8,8,River,River
8,8,River,River
8,8,River,River
8,8,River,River
8,8,River,River
8,8,River,River
8,8,River,River
8,8,River,River
8,8,River,River
8,8,River,River
8,3,River,Highway
8,8,River,River
8,8,River,River
8,8,River,River
8,8,River,River
8,8,River,River
8,8,River,River
8,8,River,River
8,8,River,River
8,8,River,River
8,8,River,River
8,8,River,River
8,0,River,AnnualCrop
8,8,River,River
8,8,River,River
8,8,River,River
8,8,River,River
8,8,River,River
8,8,River,River
8,8,River,River
8,8,River,River
8,8,River,River
8,8,River,River
8,8,River,River
8,8,River,River
8,8,River,River
8,8,River,River
8,0,River,AnnualCrop
8,8,River,River
8,8,River,River
8,8,River,River
8,8,River,River
8,8,River,River
8,8,River,River
8,3,River,Highway
8,3,River,Highway
8,8,River,River
8,8,River,River
8,8,River,River
8,8,River,River
8,8,River,River
8,8,River,River
8,8,River,River
8,8,River,River
8,8,River,River
8,8,River,River
8,8,River,River
8,8,River,River
8,8,River,River
8,8,River,River
8,8,River,River
8,8,River,River
8,8,River,River
8,8,River,River
8,8,River,River
8,8,River,River
8,8,River,River
8,8,River,River
8,8,River,River
8,8,River,River
8,8,River,River
8,8,River,River
8,8,River,River
8,8,River,River
8,8,River,River
8,8,River,River
8,8,River,River
8,8,River,River
8,8,River,River
8,8,River,River
8,8,River,River
8,8,River,River
8,8,River,River
8,8,River,River
8,8,River,River
8,3,River,Highway
8,8,River,River
8,3,River,Highway
8,8,River,River
8,8,River,River
8,3,River,Highway
8,8,River,River
8,5,River,Pasture
8,8,River,River
8,8,River,River
8,8,River,River
8,8,River,River
8,8,River,River
8,8,River,River
8,8,River,River
8,8,River,River
8,8,River,River
8,8,River,River
8,8,River,River
8,3,River,Highway
8,8,River,River
8,8,River,River
8,8,River,River
8,8,River,River
8,8,River,River
8,8,River,River
8,8,River,River
8,8,River,River
8,8,River,River
8,8,River,River
8,8,River,River
8,8,River,River
8,8,River,River
8,8,River,River
8,8,River,River
8,8,River,River
8,8,River,River
8,8,River,River
8,8,River,River
8,8,River,River
8,8,River,River
8,8,River,River
8,8,River,River
8,8,River,River
8,8,River,River
8,8,River,River
8,8,River,River
8,8,River,River
8,8,River,River
8,3,River,Highway
8,8,River,River
8,8,River,River
8,8,River,River
8,8,River,River
8,8,River,River
8,8,River,River
8,3,River,Highway
8,8,River,River
8,8,River,River
8,8,River,River
8,8,River,River
8,8,River,River
8,8,River,River
8,8,River,River
8,8,River,River
8,8,River,River
8,8,River,River
8,8,River,River
8,8,River,River
8,8,River,River
8,8,River,River
8,8,River,River
8,8,River,River
8,8,River,River
8,8,River,River
8,8,River,River
8,8,River,River
8,8,River,River
8,8,River,River
8,8,River,River
8,8,River,River
8,3,River,Highway
8,8,River,River
8,8,River,River
8,3,River,Highway
8,3,River,Highway
8,8,River,River
8,8,River,River
8,8,River,River
8,8,River,River
8,8,River,River
8,8,River,River
8,8,River,River
8,8,River,River
8,0,River,AnnualCrop
8,8,River,River
8,8,River,River
8,5,River,Pasture
8,8,River,River
8,8,River,River
8,8,River,River
8,8,River,River
8,8,River,River
8,8,River,River
8,8,River,River
8,8,River,River
8,8,River,River
8,8,River,River
8,8,River,River
8,8,River,River
8,8,River,River
8,8,River,River
8,8,River,River
8,8,River,River
8,8,River,River
8,8,River,River
8,8,River,River
8,8,River,River
8,8,River,River
8,8,River,River
8,8,River,River
8,8,River,River
8,8,River,River
8,8,River,River
8,8,River,River
8,8,River,River
8,8,River,River
8,3,River,Highway
8,3,River,Highway
8,8,River,River
8,8,River,River
8,8,River,River
8,8,River,River
8,8,River,River
8,8,River,River
8,8,River,River
8,8,River,River
8,8,River,River
8,8,River,River
8,8,River,River
8,8,River,River
8,8,River,River
8,8,River,River
8,8,River,River
8,8,River,River
8,8,River,River
8,8,River,River
8,2,River,HerbaceousVegetation
8,8,River,River
8,8,River,River
8,8,River,River
8,3,River,Highway
8,8,River,River
8,3,River,Highway
8,8,River,River
8,3,River,Highway
8,8,River,River
8,8,River,River
8,8,River,River
8,8,River,River
8,8,River,River
8,8,River,River
8,8,River,River
8,8,River,River
8,8,River,River
8,8,River,River
8,8,River,River
8,8,River,River
8,8,River,River
8,8,River,River
8,8,River,River
8,8,River,River
8,8,River,River
8,8,River,River
8,3,River,Highway
8,2,River,HerbaceousVegetation
8,8,River,River
8,8,River,River
8,8,River,River
8,8,River,River
8,8,River,River
8,8,River,River
8,8,River,River
8,8,River,River
8,8,River,River
8,8,River,River
8,2,River,HerbaceousVegetation
8,8,River,River
8,8,River,River
8,3,River,Highway
8,8,River,River
8,3,River,Highway
8,8,River,River
8,8,River,River
8,8,River,River
8,8,River,River
8,8,River,River
8,8,River,River
8,8,River,River
8,8,River,River
8,8,River,River
8,8,River,River
8,0,River,AnnualCrop
8,8,River,River
8,8,River,River
8,8,River,River
8,3,River,Highway
8,8,River,River
8,8,River,River
8,8,River,River
8,8,River,River
8,3,River,Highway
8,8,River,River
8,3,River,Highway
8,8,River,River
8,8,River,River
8,8,River,River
8,8,River,River
8,8,River,River
8,8,River,River
8,8,River,River
8,8,River,River
8,8,River,River
8,8,River,River
8,8,River,River
8,8,River,River
8,8,River,River
8,8,River,River
8,8,River,River
8,8,River,River
8,8,River,River
8,8,River,River
8,8,River,River
8,3,River,Highway
8,8,River,River
8,8,River,River
8,8,River,River
8,8,River,River
8,8,River,River
8,8,River,River
8,8,River,River
8,8,River,River
8,3,River,Highway
8,8,River,River
8,8,River,River
8,8,River,River
8,8,River,River
8,8,River,River
8,8,River,River
8,3,River,Highway
8,3,River,Highway
8,8,River,River
8,8,River,River
8,8,River,River
8,8,River,River
8,8,River,River
8,3,River,Highway
8,8,River,River
8,3,River,Highway
8,8,River,River
8,8,River,River
8,8,River,River
8,8,River,River
8,8,River,River
8,8,River,River
8,8,River,River
8,5,River,Pasture
8,8,River,River
8,8,River,River
8,8,River,River
8,8,River,River
8,8,River,River
8,8,River,River
8,8,River,River
8,8,River,River
8,8,River,River
8,8,River,River
8,8,River,River
8,8,River,River
8,8,River,River
8,8,River,River
8,3,River,Highway
8,8,River,River
8,8,River,River
8,8,River,River
8,8,River,River
8,8,River,River
8,8,River,River
8,8,River,River
8,8,River,River
8,8,River,River
8,8,River,River
8,8,River,River
8,8,River,River
8,8,River,River
8,8,River,River
8,8,River,River
8,8,River,River
8,8,River,River
8,8,River,River
8,8,River,River
8,8,River,River
8,8,River,River
8,8,River,River
8,8,River,River
8,8,River,River
8,8,River,River
8,8,River,River
8,8,River,River
8,8,River,River
8,8,River,River
8,8,River,River
8,8,River,River
8,8,River,River
8,8,River,River
8,8,River,River
8,8,River,River
8,8,River,River
8,8,River,River
8,8,River,River
8,3,River,Highway
8,3,River,Highway
8,8,River,River
8,8,River,River
8,8,River,River
8,8,River,River
8,8,River,River
8,8,River,River
8,8,River,River
8,8,River,River
8,8,River,River
8,8,River,River
8,8,River,River
8,8,River,River
8,8,River,River
8,8,River,River
8,3,River,Highway
8,8,River,River
8,8,River,River
8,8,River,River
8,8,River,River
8,8,River,River
8,8,River,River
8,8,River,River
8,8,River,River
8,3,River,Highway
8,8,River,River
8,3,River,Highway
8,8,River,River
8,3,River,Highway
8,8,River,River
8,2,River,HerbaceousVegetation
8,3,River,Highway
8,8,River,River
8,8,River,River
8,8,River,River
8,8,River,River
8,8,River,River
8,8,River,River
8,8,River,River
8,8,River,River
8,8,River,River
8,8,River,River
8,8,River,River
8,2,River,HerbaceousVegetation
8,8,River,River
8,8,River,River
8,8,River,River
8,8,River,River
8,8,River,River
8,8,River,River
8,8,River,River
8,8,River,River
8,8,River,River
8,8,River,River
8,8,River,River
8,8,River,River
8,8,River,River
8,8,River,River
8,8,River,River
8,8,River,River
8,8,River,River
8,8,River,River
8,8,River,River
8,3,River,Highway
8,8,River,River
8,8,River,River
8,8,River,River
8,3,River,Highway
8,8,River,River
8,8,River,River
8,8,River,River
8,8,River,River
8,8,River,River
8,8,River,River
8,8,River,River
8,8,River,River
8,8,River,River
8,8,River,River
8,8,River,River
8,8,River,River
8,8,River,River
8,8,River,River
8,8,River,River
8,8,River,River
8,8,River,River
8,3,River,Highway
8,8,River,River
8,3,River,Highway
8,8,River,River
8,8,River,River
8,8,River,River
8,8,River,River
8,8,River,River
8,8,River,River
8,8,River,River
8,8,River,River
8,8,River,River
8,8,River,River
8,8,River,River
8,8,River,River
8,8,River,River
8,8,River,River
8,8,River,River
8,8,River,River
8,8,River,River
8,8,River,River
8,3,River,Highway
8,8,River,River
8,8,River,River
8,2,River,HerbaceousVegetation
8,8,River,River
8,8,River,River
8,8,River,River
8,8,River,River
8,8,River,River
8,8,River,River
8,8,River,River
8,8,River,River
8,3,River,Highway
8,8,River,River
8,8,River,River
8,8,River,River
8,8,River,River
8,8,River,River
8,3,River,Highway
8,8,River,River
8,8,River,River
8,8,River,River
8,8,River,River
8,8,River,River
8,8,River,River
8,8,River,River
8,3,River,Highway
8,8,River,River
8,8,River,River
8,8,River,River
8,8,River,River
8,8,River,River
8,8,River,River
8,8,River,River
8,8,River,River
8,8,River,River
8,8,River,River
8,8,River,River
8,8,River,River
8,8,River,River
8,8,River,River
8,8,River,River
8,0,River,AnnualCrop
8,8,River,River
8,8,River,River
8,8,River,River
8,8,River,River
8,8,River,River
8,8,River,River
8,8,River,River
8,8,River,River
8,8,River,River
8,8,River,River
8,0,River,AnnualCrop
8,8,River,River
8,8,River,River
8,8,River,River
8,3,River,Highway
8,8,River,River
8,8,River,River
8,8,River,River
8,8,River,River
8,8,River,River
8,8,River,River
8,8,River,River
8,8,River,River
8,8,River,River
8,8,River,River
8,3,River,Highway
8,8,River,River
8,8,River,River
8,8,River,River
8,8,River,River
8,8,River,River
8,8,River,River
8,8,River,River
8,8,River,River
8,8,River,River
8,8,River,River
8,8,River,River
8,3,River,Highway
8,8,River,River
8,8,River,River
8,8,River,River
8,8,River,River
8,8,River,River
8,8,River,River
8,8,River,River
8,8,River,River
8,8,River,River
8,8,River,River
8,8,River,River
8,8,River,River
8,8,River,River
8,8,River,River
8,8,River,River
8,8,River,River
8,8,River,River
8,8,River,River
8,8,River,River
8,8,River,River
8,3,River,Highway
8,8,River,River
8,8,River,River
8,8,River,River
8,8,River,River
8,8,River,River
8,8,River,River
8,8,River,River
8,5,River,Pasture
8,3,River,Highway
8,8,River,River
8,8,River,River
8,8,River,River
8,8,River,River
8,8,River,River
8,8,River,River
8,8,River,River
8,3,River,Highway
8,8,River,River
8,8,River,River
8,8,River,River
8,8,River,River
8,8,River,River
8,8,River,River
8,3,River,Highway
8,0,River,AnnualCrop
8,8,River,River
8,8,River,River
8,8,River,River
8,8,River,River
8,8,River,River
8,8,River,River
8,3,River,Highway
8,8,River,River
8,8,River,River
8,8,River,River
8,8,River,River
8,8,River,River
8,7,River,Residential
8,8,River,River
8,8,River,River
8,8,River,River
8,8,River,River
8,8,River,River
8,8,River,River
8,8,River,River
8,8,River,River
8,8,River,River
8,4,River,Industrial
8,8,River,River
8,8,River,River
8,8,River,River
8,8,River,River
8,8,River,River
8,8,River,River
8,3,River,Highway
8,2,River,HerbaceousVegetation
8,8,River,River
8,8,River,River
8,4,River,Industrial
8,8,River,River
8,8,River,River
8,3,River,Highway
8,8,River,River
8,8,River,River
8,8,River,River
8,8,River,River
8,8,River,River
8,8,River,River
8,3,River,Highway
8,8,River,River
8,8,River,River
8,8,River,River
8,8,River,River
8,8,River,River
8,8,River,River
8,8,River,River
8,8,River,River
8,8,River,River
8,3,River,Highway
8,8,River,River
8,8,River,River
8,3,River,Highway
8,8,River,River
8,3,River,Highway
8,8,River,River
8,8,River,River
8,8,River,River
8,8,River,River
8,8,River,River
8,8,River,River
8,8,River,River
8,8,River,River
8,8,River,River
8,8,River,River
8,8,River,River
8,8,River,River
8,8,River,River
8,8,River,River
8,8,River,River
8,8,River,River
8,8,River,River
8,8,River,River
8,8,River,River
8,8,River,River
8,8,River,River
8,8,River,River
8,8,River,River
8,3,River,Highway
8,8,River,River
8,8,River,River
8,8,River,River
8,8,River,River
8,8,River,River
8,8,River,River
8,8,River,River
8,3,River,Highway
8,8,River,River
8,8,River,River
8,0,River,AnnualCrop
8,8,River,River
8,8,River,River
8,8,River,River
8,8,River,River
8,8,River,River
8,8,River,River
8,8,River,River
8,8,River,River
8,3,River,Highway
8,8,River,River
8,8,River,River
8,8,River,River
8,8,River,River
8,8,River,River
8,8,River,River
8,8,River,River
8,8,River,River
8,8,River,River
8,8,River,River
8,8,River,River
8,8,River,River
8,8,River,River
8,8,River,River
8,3,River,Highway
8,8,River,River
8,8,River,River
8,8,River,River
8,3,River,Highway
8,8,River,River
8,8,River,River
8,8,River,River
8,8,River,River
8,8,River,River
8,8,River,River
8,8,River,River
8,8,River,River
8,8,River,River
8,8,River,River
8,8,River,River
8,8,River,River
8,8,River,River
8,8,River,River
8,8,River,River
8,8,River,River
8,8,River,River
8,8,River,River
8,8,River,River
8,3,River,Highway
8,8,River,River
8,3,River,Highway
8,8,River,River
8,8,River,River
8,8,River,River
8,8,River,River
8,8,River,River
8,3,River,Highway
8,8,River,River
8,8,River,River
8,8,River,River
8,8,River,River
8,8,River,River
8,8,River,River
8,8,River,River
8,8,River,River
8,8,River,River
8,8,River,River
8,8,River,River
8,8,River,River
8,3,River,Highway
8,8,River,River
8,8,River,River
8,8,River,River
8,8,River,River
8,8,River,River
8,8,River,River
8,8,River,River
8,8,River,River
8,8,River,River
8,8,River,River
8,8,River,River
8,8,River,River
8,8,River,River
8,8,River,River
8,8,River,River
8,8,River,River
8,8,River,River
8,8,River,River
8,8,River,River
8,8,River,River
8,8,River,River
8,8,River,River
8,8,River,River
8,8,River,River
8,8,River,River
8,3,River,Highway
8,8,River,River
8,8,River,River
8,8,River,River
8,8,River,River
8,8,River,River
8,8,River,River
8,8,River,River
8,8,River,River
8,8,River,River
8,8,River,River
8,8,River,River
8,8,River,River
8,8,River,River
8,8,River,River
8,8,River,River
8,8,River,River
8,3,River,Highway
8,8,River,River
8,3,River,Highway
8,8,River,River
8,8,River,River
8,8,River,River
8,8,River,River
8,8,River,River
8,8,River,River
8,8,River,River
8,8,River,River
8,8,River,River
8,8,River,River
8,8,River,River
8,8,River,River
8,8,River,River
8,8,River,River
8,8,River,River
8,8,River,River
8,3,River,Highway
8,8,River,River
8,8,River,River
8,8,River,River
8,8,River,River
8,8,River,River
8,8,River,River
8,8,River,River
8,8,River,River
8,3,River,Highway
8,8,River,River
8,8,River,River
8,8,River,River
8,8,River,River
8,8,River,River
8,8,River,River
8,8,River,River
8,8,River,River
8,8,River,River
8,8,River,River
8,8,River,River
8,8,River,River
8,8,River,River
8,8,River,River
8,8,River,River
8,3,River,Highway
8,8,River,River
8,8,River,River
8,8,River,River
8,8,River,River
8,8,River,River
8,8,River,River
8,8,River,River
8,3,River,Highway
8,4,River,Industrial
8,8,River,River
8,3,River,Highway
8,8,River,River
8,8,River,River
8,3,River,Highway
8,8,River,River
8,8,River,River
8,8,River,River
8,8,River,River
8,8,River,River
8,8,River,River
8,8,River,River
8,3,River,Highway
8,8,River,River
8,8,River,River
8,8,River,River
8,8,River,River
8,8,River,River
8,8,River,River
8,8,River,River
8,1,River,Forest
8,8,River,River
8,8,River,River
8,8,River,River
8,8,River,River
8,8,River,River
8,8,River,River
8,8,River,River
8,8,River,River
8,8,River,River
8,8,River,River
8,8,River,River
8,8,River,River
8,8,River,River
8,8,River,River
8,8,River,River
8,0,River,AnnualCrop
8,8,River,River
8,8,River,River
8,8,River,River
8,8,River,River
8,8,River,River
8,5,River,Pasture
8,8,River,River
8,3,River,Highway
8,8,River,River
8,8,River,River
8,8,River,River
8,8,River,River
8,8,River,River
8,8,River,River
8,8,River,River
8,8,River,River
8,8,River,River
8,8,River,River
8,8,River,River
8,8,River,River
8,8,River,River
8,3,River,Highway
8,8,River,River
8,8,River,River
8,8,River,River
8,8,River,River
8,8,River,River
8,8,River,River
8,8,River,River
8,8,River,River
8,8,River,River
8,3,River,Highway
8,8,River,River
8,8,River,River
8,8,River,River
8,3,River,Highway
8,8,River,River
8,3,River,Highway
8,8,River,River
8,3,River,Highway
8,8,River,River
8,8,River,River
8,8,River,River
8,8,River,River
8,8,River,River
8,8,River,River
8,8,River,River
8,8,River,River
8,8,River,River
8,8,River,River
8,8,River,River
8,8,River,River
8,8,River,River
8,0,River,AnnualCrop
8,8,River,River
8,3,River,Highway
8,8,River,River
8,8,River,River
8,8,River,River
8,8,River,River
8,8,River,River
8,8,River,River
8,8,River,River
8,8,River,River
8,8,River,River
8,8,River,River
8,8,River,River
8,8,River,River
8,8,River,River
8,8,River,River
8,3,River,Highway
8,8,River,River
8,8,River,River
8,8,River,River
8,8,River,River
8,8,River,River
8,8,River,River
8,8,River,River
8,8,River,River
8,8,River,River
8,8,River,River
8,8,River,River
8,8,River,River
8,3,River,Highway
8,8,River,River
8,8,River,River
8,8,River,River
8,8,River,River
8,8,River,River
8,8,River,River
8,8,River,River
8,8,River,River
8,8,River,River
8,8,River,River
8,8,River,River
8,8,River,River
8,8,River,River
8,8,River,River
8,8,River,River
8,8,River,River
8,8,River,River
8,8,River,River
8,8,River,River
8,8,River,River
8,8,River,River
8,8,River,River
8,8,River,River
8,8,River,River
8,8,River,River
8,8,River,River
8,8,River,River
8,8,River,River
8,8,River,River
8,8,River,River
8,3,River,Highway
8,8,River,River
8,4,River,Industrial
8,8,River,River
8,8,River,River
8,8,River,River
8,3,River,Highway
8,8,River,River
8,8,River,River
8,8,River,River
8,8,River,River
8,3,River,Highway
8,8,River,River
8,8,River,River
8,8,River,River
8,8,River,River
8,8,River,River
8,8,River,River
8,8,River,River
8,8,River,River
8,8,River,River
8,8,River,River
8,5,River,Pasture
8,3,River,Highway
8,8,River,River
8,8,River,River
8,8,River,River
8,8,River,River
8,8,River,River
8,3,River,Highway
8,8,River,River
8,8,River,River
8,8,River,River
8,3,River,Highway
8,8,River,River
8,8,River,River
8,8,River,River
8,8,River,River
8,8,River,River
8,8,River,River
8,3,River,Highway
8,8,River,River
8,8,River,River
8,8,River,River
8,8,River,River
8,8,River,River
8,8,River,River
8,3,River,Highway
8,8,River,River
8,8,River,River
8,0,River,AnnualCrop
8,8,River,River
8,6,River,PermanentCrop
8,8,River,River
8,8,River,River
8,8,River,River
8,8,River,River
8,8,River,River
8,8,River,River
8,8,River,River
8,8,River,River
8,8,River,River
8,8,River,River
8,8,River,River
8,8,River,River
8,8,River,River
8,8,River,River
8,8,River,River
8,8,River,River
8,8,River,River
8,8,River,River
8,8,River,River
8,8,River,River
8,8,River,River
8,8,River,River
8,8,River,River
8,8,River,River
8,4,River,Industrial
8,8,River,River
8,8,River,River
8,2,River,HerbaceousVegetation
8,8,River,River
8,8,River,River
8,8,River,River
8,8,River,River
8,8,River,River
8,8,River,River
8,3,River,Highway
8,8,River,River
8,8,River,River
8,3,River,Highway
8,8,River,River
8,8,River,River
8,3,River,Highway
8,8,River,River
8,8,River,River
8,8,River,River
8,8,River,River
8,8,River,River
8,8,River,River
8,8,River,River
8,8,River,River
8,8,River,River
8,3,River,Highway
8,3,River,Highway
8,8,River,River
8,3,River,Highway
8,8,River,River
8,8,River,River
8,3,River,Highway
8,8,River,River
8,8,River,River
8,8,River,River
8,8,River,River
8,8,River,River
8,8,River,River
8,8,River,River
8,3,River,Highway
8,8,River,River
8,2,River,HerbaceousVegetation
8,3,River,Highway
8,8,River,River
8,8,River,River
8,8,River,River
8,8,River,River
8,8,River,River
8,8,River,River
8,8,River,River
8,8,River,River
8,8,River,River
8,3,River,Highway
8,8,River,River
8,8,River,River
8,8,River,River
8,8,River,River
8,8,River,River
8,8,River,River
8,8,River,River
8,8,River,River
8,8,River,River
8,4,River,Industrial
8,8,River,River
8,8,River,River
8,8,River,River
8,8,River,River
8,8,River,River
8,8,River,River
8,8,River,River
8,8,River,River
8,8,River,River
8,8,River,River
8,8,River,River
8,8,River,River
8,3,River,Highway
8,8,River,River
8,8,River,River
8,8,River,River
8,8,River,River
8,8,River,River
8,8,River,River
8,8,River,River
8,8,River,River
8,8,River,River
8,8,River,River
8,3,River,Highway
8,8,River,River
8,8,River,River
8,8,River,River
8,8,River,River
8,8,River,River
8,8,River,River
8,8,River,River
8,8,River,River
8,8,River,River
8,8,River,River
8,8,River,River
8,8,River,River
8,8,River,River
8,8,River,River
8,8,River,River
8,8,River,River
8,8,River,River
8,8,River,River
8,8,River,River
8,8,River,River
8,8,River,River
8,8,River,River
8,8,River,River
8,8,River,River
8,8,River,River
8,8,River,River
8,8,River,River
8,8,River,River
8,8,River,River
8,8,River,River
8,8,River,River
8,8,River,River
8,8,River,River
8,8,River,River
8,8,River,River
8,8,River,River
8,8,River,River
8,3,River,Highway
8,8,River,River
8,8,River,River
8,3,River,Highway
8,8,River,River
8,8,River,River
8,8,River,River
8,8,River,River
8,8,River,River
8,8,River,River
8,8,River,River
8,8,River,River
8,2,River,HerbaceousVegetation
8,8,River,River
8,8,River,River
8,8,River,River
8,8,River,River
8,8,River,River
8,8,River,River
8,8,River,River
8,8,River,River
8,8,River,River
8,8,River,River
8,8,River,River
8,8,River,River
8,8,River,River
8,8,River,River
8,8,River,River
8,3,River,Highway
8,8,River,River
8,8,River,River
8,8,River,River
8,8,River,River
8,8,River,River
8,8,River,River
8,8,River,River
8,8,River,River
8,0,River,AnnualCrop
8,8,River,River
8,3,River,Highway
8,8,River,River
8,8,River,River
8,0,River,AnnualCrop
8,8,River,River
8,8,River,River
8,8,River,River
8,8,River,River
8,8,River,River
8,8,River,River
8,8,River,River
8,8,River,River
8,8,River,River
8,8,River,River
8,8,River,River
8,8,River,River
8,8,River,River
8,8,River,River
8,5,River,Pasture
8,8,River,River
8,8,River,River
8,8,River,River
8,8,River,River
8,8,River,River
8,8,River,River
8,8,River,River
8,8,River,River
8,8,River,River
8,8,River,River
8,8,River,River
8,8,River,River
8,3,River,Highway
8,8,River,River
8,8,River,River
8,0,River,AnnualCrop
8,8,River,River
8,5,River,Pasture
8,8,River,River
8,8,River,River
8,8,River,River
8,8,River,River
8,8,River,River
8,8,River,River
8,8,River,River
8,5,River,Pasture
8,8,River,River
8,8,River,River
8,8,River,River
8,8,River,River
8,8,River,River
8,8,River,River
8,8,River,River
8,8,River,River
8,8,River,River
8,4,River,Industrial
8,8,River,River
8,8,River,River
8,8,River,River
8,8,River,River
8,8,River,River
8,8,River,River
8,8,River,River
8,8,River,River
8,8,River,River
8,8,River,River
8,3,River,Highway
8,8,River,River
8,8,River,River
8,8,River,River
8,8,River,River
8,8,River,River
8,8,River,River
8,8,River,River
8,8,River,River
8,8,River,River
8,8,River,River
8,8,River,River
8,3,River,Highway
8,8,River,River
8,8,River,River
8,8,River,River
8,8,River,River
8,8,River,River
8,3,River,Highway
8,8,River,River
8,3,River,Highway
8,1,River,Forest
8,3,River,Highway
8,8,River,River
8,8,River,River
8,8,River,River
8,8,River,River
8,8,River,River
8,8,River,River
8,8,River,River
8,8,River,River
8,8,River,River
8,8,River,River
8,8,River,River
8,8,River,River
8,8,River,River
8,8,River,River
8,8,River,River
8,8,River,River
8,8,River,River
8,8,River,River
8,8,River,River
8,0,River,AnnualCrop
8,8,River,River
8,8,River,River
8,8,River,River
8,8,River,River
8,8,River,River
8,8,River,River
8,8,River,River
8,8,River,River
8,8,River,River
8,8,River,River
8,8,River,River
8,8,River,River
8,8,River,River
8,3,River,Highway
8,8,River,River
8,1,River,Forest
8,8,River,River
8,8,River,River
8,8,River,River
8,8,River,River
8,8,River,River
8,8,River,River
8,8,River,River
8,8,River,River
8,8,River,River
8,8,River,River
8,8,River,River
8,3,River,Highway
8,8,River,River
8,8,River,River
8,8,River,River
8,8,River,River
8,3,River,Highway
8,3,River,Highway
8,8,River,River
8,8,River,River
8,8,River,River
8,8,River,River
8,8,River,River
8,8,River,River
8,8,River,River
8,8,River,River
8,8,River,River
8,8,River,River
8,8,River,River
8,8,River,River
8,5,River,Pasture
8,8,River,River
8,8,River,River
8,8,River,River
8,8,River,River
8,3,River,Highway
8,8,River,River
8,8,River,River
8,8,River,River
8,8,River,River
8,8,River,River
8,8,River,River
8,8,River,River
8,8,River,River
8,8,River,River
8,8,River,River
8,8,River,River
8,8,River,River
8,8,River,River
8,8,River,River
8,8,River,River
8,8,River,River
8,8,River,River
8,8,River,River
8,8,River,River
8,8,River,River
8,8,River,River
8,3,River,Highway
8,8,River,River
8,8,River,River
8,8,River,River
8,8,River,River
8,8,River,River
8,0,River,AnnualCrop
8,8,River,River
8,8,River,River
8,8,River,River
8,8,River,River
8,8,River,River
8,8,River,River
8,8,River,River
8,8,River,River
8,8,River,River
8,8,River,River
8,8,River,River
8,8,River,River
8,8,River,River
8,8,River,River
8,8,River,River
8,8,River,River
8,8,River,River
8,8,River,River
8,6,River,PermanentCrop
8,8,River,River
8,8,River,River
8,8,River,River
8,8,River,River
8,8,River,River
8,8,River,River
8,8,River,River
8,8,River,River
8,3,River,Highway
8,8,River,River
8,8,River,River
8,8,River,River
8,8,River,River
8,8,River,River
8,8,River,River
8,8,River,River
8,8,River,River
8,8,River,River
8,8,River,River
8,8,River,River
8,8,River,River
8,8,River,River
8,8,River,River
8,8,River,River
8,8,River,River
8,8,River,River
8,8,River,River
8,8,River,River
8,8,River,River
8,8,River,River
8,8,River,River
8,3,River,Highway
8,8,River,River
8,8,River,River
8,3,River,Highway
8,8,River,River
8,8,River,River
8,8,River,River
8,8,River,River
8,8,River,River
8,8,River,River
8,8,River,River
8,8,River,River
8,8,River,River
8,8,River,River
8,8,River,River
8,8,River,River
8,0,River,AnnualCrop
8,8,River,River
8,8,River,River
8,8,River,River
8,8,River,River
8,8,River,River
8,8,River,River
8,8,River,River
8,8,River,River
8,8,River,River
8,8,River,River
8,8,River,River
8,8,River,River
8,8,River,River
8,8,River,River
8,8,River,River
8,8,River,River
8,8,River,River
8,8,River,River
8,8,River,River
8,8,River,River
8,3,River,Highway
8,8,River,River
8,8,River,River
8,8,River,River
8,8,River,River
8,8,River,River
8,8,River,River
8,8,River,River
8,8,River,River
8,8,River,River
8,8,River,River
8,8,River,River
8,8,River,River
8,8,River,River
8,8,River,River
8,8,River,River
8,8,River,River
8,8,River,River
8,8,River,River
8,8,River,River
8,8,River,River
8,8,River,River
8,8,River,River
8,8,River,River
8,8,River,River
8,8,River,River
8,8,River,River
8,4,River,Industrial
8,8,River,River
8,8,River,River
8,8,River,River
8,8,River,River
8,8,River,River
8,8,River,River
8,8,River,River
8,8,River,River
8,8,River,River
8,8,River,River
8,8,River,River
8,8,River,River
8,8,River,River
8,8,River,River
8,3,River,Highway
8,3,River,Highway
8,8,River,River
8,8,River,River
8,8,River,River
8,2,River,HerbaceousVegetation
8,8,River,River
8,8,River,River
8,5,River,Pasture
8,8,River,River
8,8,River,River
8,8,River,River
8,8,River,River
8,8,River,River
8,0,River,AnnualCrop
8,8,River,River
8,8,River,River
8,8,River,River
8,8,River,River
8,8,River,River
8,8,River,River
8,8,River,River
8,8,River,River
8,8,River,River
8,3,River,Highway
8,8,River,River
8,8,River,River
8,3,River,Highway
8,8,River,River
8,8,River,River
8,8,River,River
8,8,River,River
8,8,River,River
8,8,River,River
8,8,River,River
8,8,River,River
8,8,River,River
8,8,River,River
8,8,River,River
8,8,River,River
8,8,River,River
8,8,River,River
8,8,River,River
8,8,River,River
8,8,River,River
8,8,River,River
8,8,River,River
8,8,River,River
8,2,River,HerbaceousVegetation
8,8,River,River
8,3,River,Highway
8,8,River,River
8,8,River,River
8,3,River,Highway
8,3,River,Highway
8,8,River,River
8,8,River,River
8,8,River,River
8,8,River,River
8,8,River,River
8,8,River,River
8,8,River,River
8,3,River,Highway
8,8,River,River
8,3,River,Highway
8,8,River,River
8,8,River,River
8,0,River,AnnualCrop
8,8,River,River
8,8,River,River
8,8,River,River
8,8,River,River
8,8,River,River
8,8,River,River
8,3,River,Highway
8,4,River,Industrial
8,8,River,River
8,8,River,River
8,8,River,River
8,8,River,River
8,3,River,Highway
8,2,River,HerbaceousVegetation
8,8,River,River
8,8,River,River
8,8,River,River
8,8,River,River
8,8,River,River
8,8,River,River
8,3,River,Highway
8,2,River,HerbaceousVegetation
8,8,River,River
8,8,River,River
8,8,River,River
8,8,River,River
8,8,River,River
8,8,River,River
8,8,River,River
8,8,River,River
8,8,River,River
8,8,River,River
8,8,River,River
8,8,River,River
8,8,River,River
8,8,River,River
8,8,River,River
8,8,River,River
8,8,River,River
8,8,River,River
8,8,River,River
8,3,River,Highway
8,8,River,River
8,8,River,River
8,8,River,River
8,8,River,River
8,8,River,River
8,8,River,River
8,8,River,River
8,8,River,River
8,3,River,Highway
8,8,River,River
8,8,River,River
8,8,River,River
8,8,River,River
8,8,River,River
8,8,River,River
8,8,River,River
8,8,River,River
8,8,River,River
8,8,River,River
8,8,River,River
8,8,River,River
8,8,River,River
8,8,River,River
8,8,River,River
8,8,River,River
8,8,River,River
8,8,River,River
8,8,River,River
8,8,River,River
8,8,River,River
8,8,River,River
8,8,River,River
8,8,River,River
8,8,River,River
8,8,River,River
8,8,River,River
8,8,River,River
8,8,River,River
8,8,River,River
8,8,River,River
8,8,River,River
8,8,River,River
8,8,River,River
8,8,River,River
8,8,River,River
8,8,River,River
8,8,River,River
8,8,River,River
8,8,River,River
8,8,River,River
8,8,River,River
8,8,River,River
8,8,River,River
8,8,River,River
8,8,River,River
8,8,River,River
8,8,River,River
8,3,River,Highway
8,8,River,River
8,8,River,River
8,3,River,Highway
8,8,River,River
8,8,River,River
8,8,River,River
8,8,River,River
8,8,River,River
8,8,River,River
8,8,River,River
8,8,River,River
8,8,River,River
8,8,River,River
8,8,River,River
8,8,River,River
8,8,River,River
8,8,River,River
8,8,River,River
8,8,River,River
8,8,River,River
8,8,River,River
8,8,River,River
8,8,River,River
8,8,River,River
8,8,River,River
8,8,River,River
8,8,River,River
8,8,River,River
8,4,River,Industrial
8,8,River,River
8,8,River,River
8,8,River,River
8,8,River,River
8,8,River,River
8,8,River,River
8,8,River,River
8,8,River,River
8,8,River,River
8,8,River,River
8,3,River,Highway
8,8,River,River
8,8,River,River
8,3,River,Highway
8,8,River,River
8,8,River,River
8,3,River,Highway
8,3,River,Highway
8,8,River,River
8,8,River,River
8,1,River,Forest
8,8,River,River
8,8,River,River
8,8,River,River
8,8,River,River
8,8,River,River
8,8,River,River
8,8,River,River
8,8,River,River
8,8,River,River
8,8,River,River
8,3,River,Highway
8,8,River,River
8,8,River,River
8,8,River,River
8,8,River,River
8,8,River,River
8,8,River,River
8,8,River,River
8,8,River,River
8,8,River,River
8,8,River,River
8,8,River,River
8,8,River,River
8,8,River,River
8,8,River,River
8,8,River,River
8,3,River,Highway
8,8,River,River
8,8,River,River
8,8,River,River
8,3,River,Highway
8,8,River,River
8,8,River,River
8,8,River,River
8,8,River,River
8,8,River,River
8,3,River,Highway
8,8,River,River
8,8,River,River
8,8,River,River
8,8,River,River
8,8,River,River
8,8,River,River
8,8,River,River
8,8,River,River
8,8,River,River
8,8,River,River
8,3,River,Highway
8,8,River,River
8,8,River,River
8,8,River,River
8,8,River,River
8,8,River,River
8,8,River,River
8,8,River,River
8,0,River,AnnualCrop
8,8,River,River
8,8,River,River
8,8,River,River
8,8,River,River
8,8,River,River
8,8,River,River
8,8,River,River
8,8,River,River
8,8,River,River
8,8,River,River
8,8,River,River
8,8,River,River
8,8,River,River
8,8,River,River
8,8,River,River
8,8,River,River
8,8,River,River
8,8,River,River
8,8,River,River
8,8,River,River
8,8,River,River
8,3,River,Highway
8,8,River,River
8,8,River,River
8,8,River,River
8,8,River,River
8,8,River,River
8,8,River,River
8,8,River,River
8,8,River,River
8,8,River,River
8,3,River,Highway
8,8,River,River
8,3,River,Highway
8,8,River,River
8,8,River,River
8,8,River,River
8,8,River,River
8,8,River,River
8,8,River,River
8,8,River,River
8,8,River,River
8,8,River,River
8,8,River,River
8,3,River,Highway
8,8,River,River
8,8,River,River
8,8,River,River
8,8,River,River
8,3,River,Highway
8,8,River,River
8,8,River,River
8,8,River,River
8,8,River,River
8,3,River,Highway
8,8,River,River
8,8,River,River
8,8,River,River
8,8,River,River
8,8,River,River
8,8,River,River
8,8,River,River
8,8,River,River
8,8,River,River
8,8,River,River
8,3,River,Highway
8,8,River,River
8,8,River,River
8,8,River,River
8,8,River,River
8,8,River,River
8,8,River,River
8,8,River,River
8,8,River,River
8,8,River,River
8,8,River,River
8,8,River,River
8,8,River,River
8,8,River,River
8,3,River,Highway
8,8,River,River
8,8,River,River
8,5,River,Pasture
8,8,River,River
8,8,River,River
8,8,River,River
8,8,River,River
8,8,River,River
8,8,River,River
8,8,River,River
8,8,River,River
8,8,River,River
8,8,River,River
8,8,River,River
8,8,River,River
8,8,River,River
8,8,River,River
8,8,River,River
8,8,River,River
8,8,River,River
8,8,River,River
8,8,River,River
8,8,River,River
8,8,River,River
8,8,River,River
8,8,River,River
8,8,River,River
8,8,River,River
8,8,River,River
8,8,River,River
8,0,River,AnnualCrop
8,8,River,River
8,8,River,River
8,8,River,River
8,8,River,River
8,8,River,River
8,8,River,River
8,3,River,Highway
8,8,River,River
8,3,River,Highway
8,3,River,Highway
8,8,River,River
8,8,River,River
8,8,River,River
8,8,River,River
8,8,River,River
8,8,River,River
8,8,River,River
8,3,River,Highway
8,2,River,HerbaceousVegetation
8,8,River,River
8,8,River,River
8,8,River,River
8,8,River,River
8,8,River,River
8,8,River,River
8,8,River,River
8,8,River,River
8,8,River,River
8,8,River,River
8,8,River,River
8,8,River,River
8,8,River,River
8,8,River,River
8,8,River,River
8,8,River,River
8,8,River,River
8,8,River,River
8,8,River,River
8,8,River,River
8,8,River,River
8,8,River,River
8,3,River,Highway
8,8,River,River
8,8,River,River
8,8,River,River
8,8,River,River
8,8,River,River
8,8,River,River
8,8,River,River
8,8,River,River
8,8,River,River
8,8,River,River
8,0,River,AnnualCrop
8,8,River,River
8,8,River,River
8,8,River,River
8,8,River,River
9,9,SeaLake,SeaLake
9,9,SeaLake,SeaLake
9,9,SeaLake,SeaLake
9,9,SeaLake,SeaLake
9,9,SeaLake,SeaLake
9,9,SeaLake,SeaLake
9,9,SeaLake,SeaLake
9,9,SeaLake,SeaLake
9,9,SeaLake,SeaLake
9,9,SeaLake,SeaLake
9,9,SeaLake,SeaLake
9,9,SeaLake,SeaLake
9,9,SeaLake,SeaLake
9,9,SeaLake,SeaLake
9,9,SeaLake,SeaLake
9,9,SeaLake,SeaLake
9,9,SeaLake,SeaLake
9,9,SeaLake,SeaLake
9,9,SeaLake,SeaLake
9,9,SeaLake,SeaLake
9,9,SeaLake,SeaLake
9,9,SeaLake,SeaLake
9,9,SeaLake,SeaLake
9,9,SeaLake,SeaLake
9,9,SeaLake,SeaLake
9,9,SeaLake,SeaLake
9,9,SeaLake,SeaLake
9,9,SeaLake,SeaLake
9,9,SeaLake,SeaLake
9,9,SeaLake,SeaLake
9,9,SeaLake,SeaLake
9,9,SeaLake,SeaLake
9,9,SeaLake,SeaLake
9,9,SeaLake,SeaLake
9,9,SeaLake,SeaLake
9,9,SeaLake,SeaLake
9,9,SeaLake,SeaLake
9,1,SeaLake,Forest
9,9,SeaLake,SeaLake
9,9,SeaLake,SeaLake
9,9,SeaLake,SeaLake
9,9,SeaLake,SeaLake
9,9,SeaLake,SeaLake
9,9,SeaLake,SeaLake
9,9,SeaLake,SeaLake
9,9,SeaLake,SeaLake
9,9,SeaLake,SeaLake
9,9,SeaLake,SeaLake
9,9,SeaLake,SeaLake
9,9,SeaLake,SeaLake
9,9,SeaLake,SeaLake
9,9,SeaLake,SeaLake
9,9,SeaLake,SeaLake
9,9,SeaLake,SeaLake
9,9,SeaLake,SeaLake
9,9,SeaLake,SeaLake
9,9,SeaLake,SeaLake
9,9,SeaLake,SeaLake
9,9,SeaLake,SeaLake
9,9,SeaLake,SeaLake
9,9,SeaLake,SeaLake
9,9,SeaLake,SeaLake
9,9,SeaLake,SeaLake
9,9,SeaLake,SeaLake
9,9,SeaLake,SeaLake
9,9,SeaLake,SeaLake
9,9,SeaLake,SeaLake
9,9,SeaLake,SeaLake
9,9,SeaLake,SeaLake
9,9,SeaLake,SeaLake
9,9,SeaLake,SeaLake
9,9,SeaLake,SeaLake
9,9,SeaLake,SeaLake
9,9,SeaLake,SeaLake
9,9,SeaLake,SeaLake
9,9,SeaLake,SeaLake
9,9,SeaLake,SeaLake
9,9,SeaLake,SeaLake
9,9,SeaLake,SeaLake
9,9,SeaLake,SeaLake
9,9,SeaLake,SeaLake
9,9,SeaLake,SeaLake
9,9,SeaLake,SeaLake
9,9,SeaLake,SeaLake
9,9,SeaLake,SeaLake
9,9,SeaLake,SeaLake
9,9,SeaLake,SeaLake
9,9,SeaLake,SeaLake
9,9,SeaLake,SeaLake
9,9,SeaLake,SeaLake
9,9,SeaLake,SeaLake
9,9,SeaLake,SeaLake
9,9,SeaLake,SeaLake
9,9,SeaLake,SeaLake
9,9,SeaLake,SeaLake
9,9,SeaLake,SeaLake
9,9,SeaLake,SeaLake
9,9,SeaLake,SeaLake
9,9,SeaLake,SeaLake
9,9,SeaLake,SeaLake
9,9,SeaLake,SeaLake
9,9,SeaLake,SeaLake
9,9,SeaLake,SeaLake
9,9,SeaLake,SeaLake
9,9,SeaLake,SeaLake
9,9,SeaLake,SeaLake
9,9,SeaLake,SeaLake
9,9,SeaLake,SeaLake
9,9,SeaLake,SeaLake
9,9,SeaLake,SeaLake
9,9,SeaLake,SeaLake
9,9,SeaLake,SeaLake
9,1,SeaLake,Forest
9,9,SeaLake,SeaLake
9,9,SeaLake,SeaLake
9,9,SeaLake,SeaLake
9,9,SeaLake,SeaLake
9,9,SeaLake,SeaLake
9,9,SeaLake,SeaLake
9,9,SeaLake,SeaLake
9,9,SeaLake,SeaLake
9,9,SeaLake,SeaLake
9,9,SeaLake,SeaLake
9,9,SeaLake,SeaLake
9,9,SeaLake,SeaLake
9,9,SeaLake,SeaLake
9,9,SeaLake,SeaLake
9,9,SeaLake,SeaLake
9,9,SeaLake,SeaLake
9,9,SeaLake,SeaLake
9,9,SeaLake,SeaLake
9,9,SeaLake,SeaLake
9,9,SeaLake,SeaLake
9,9,SeaLake,SeaLake
9,9,SeaLake,SeaLake
9,8,SeaLake,River
9,9,SeaLake,SeaLake
9,9,SeaLake,SeaLake
9,9,SeaLake,SeaLake
9,9,SeaLake,SeaLake
9,9,SeaLake,SeaLake
9,9,SeaLake,SeaLake
9,9,SeaLake,SeaLake
9,9,SeaLake,SeaLake
9,9,SeaLake,SeaLake
9,9,SeaLake,SeaLake
9,9,SeaLake,SeaLake
9,9,SeaLake,SeaLake
9,9,SeaLake,SeaLake
9,9,SeaLake,SeaLake
9,9,SeaLake,SeaLake
9,9,SeaLake,SeaLake
9,9,SeaLake,SeaLake
9,9,SeaLake,SeaLake
9,9,SeaLake,SeaLake
9,9,SeaLake,SeaLake
9,9,SeaLake,SeaLake
9,9,SeaLake,SeaLake
9,9,SeaLake,SeaLake
9,9,SeaLake,SeaLake
9,9,SeaLake,SeaLake
9,9,SeaLake,SeaLake
9,9,SeaLake,SeaLake
9,9,SeaLake,SeaLake
9,9,SeaLake,SeaLake
9,9,SeaLake,SeaLake
9,9,SeaLake,SeaLake
9,9,SeaLake,SeaLake
9,9,SeaLake,SeaLake
9,9,SeaLake,SeaLake
9,9,SeaLake,SeaLake
9,9,SeaLake,SeaLake
9,9,SeaLake,SeaLake
9,9,SeaLake,SeaLake
9,9,SeaLake,SeaLake
9,9,SeaLake,SeaLake
9,9,SeaLake,SeaLake
9,9,SeaLake,SeaLake
9,9,SeaLake,SeaLake
9,9,SeaLake,SeaLake
9,9,SeaLake,SeaLake
9,9,SeaLake,SeaLake
9,9,SeaLake,SeaLake
9,9,SeaLake,SeaLake
9,9,SeaLake,SeaLake
9,9,SeaLake,SeaLake
9,9,SeaLake,SeaLake
9,9,SeaLake,SeaLake
9,9,SeaLake,SeaLake
9,9,SeaLake,SeaLake
9,9,SeaLake,SeaLake
9,1,SeaLake,Forest
9,9,SeaLake,SeaLake
9,9,SeaLake,SeaLake
9,9,SeaLake,SeaLake
9,9,SeaLake,SeaLake
9,9,SeaLake,SeaLake
9,9,SeaLake,SeaLake
9,9,SeaLake,SeaLake
9,9,SeaLake,SeaLake
9,9,SeaLake,SeaLake
9,9,SeaLake,SeaLake
9,8,SeaLake,River
9,9,SeaLake,SeaLake
9,9,SeaLake,SeaLake
9,9,SeaLake,SeaLake
9,9,SeaLake,SeaLake
9,9,SeaLake,SeaLake
9,9,SeaLake,SeaLake
9,9,SeaLake,SeaLake
9,9,SeaLake,SeaLake
9,9,SeaLake,SeaLake
9,9,SeaLake,SeaLake
9,9,SeaLake,SeaLake
9,9,SeaLake,SeaLake
9,5,SeaLake,Pasture
9,9,SeaLake,SeaLake
9,9,SeaLake,SeaLake
9,9,SeaLake,SeaLake
9,9,SeaLake,SeaLake
9,9,SeaLake,SeaLake
9,9,SeaLake,SeaLake
9,9,SeaLake,SeaLake
9,9,SeaLake,SeaLake
9,9,SeaLake,SeaLake
9,9,SeaLake,SeaLake
9,9,SeaLake,SeaLake
9,9,SeaLake,SeaLake
9,9,SeaLake,SeaLake
9,9,SeaLake,SeaLake
9,9,SeaLake,SeaLake
9,9,SeaLake,SeaLake
9,9,SeaLake,SeaLake
9,9,SeaLake,SeaLake
9,9,SeaLake,SeaLake
9,9,SeaLake,SeaLake
9,9,SeaLake,SeaLake
9,9,SeaLake,SeaLake
9,9,SeaLake,SeaLake
9,9,SeaLake,SeaLake
9,9,SeaLake,SeaLake
9,9,SeaLake,SeaLake
9,9,SeaLake,SeaLake
9,9,SeaLake,SeaLake
9,9,SeaLake,SeaLake
9,9,SeaLake,SeaLake
9,9,SeaLake,SeaLake
9,9,SeaLake,SeaLake
9,9,SeaLake,SeaLake
9,9,SeaLake,SeaLake
9,9,SeaLake,SeaLake
9,9,SeaLake,SeaLake
9,9,SeaLake,SeaLake
9,9,SeaLake,SeaLake
9,9,SeaLake,SeaLake
9,9,SeaLake,SeaLake
9,9,SeaLake,SeaLake
9,9,SeaLake,SeaLake
9,9,SeaLake,SeaLake
9,9,SeaLake,SeaLake
9,1,SeaLake,Forest
9,9,SeaLake,SeaLake
9,9,SeaLake,SeaLake
9,9,SeaLake,SeaLake
9,9,SeaLake,SeaLake
9,9,SeaLake,SeaLake
9,9,SeaLake,SeaLake
9,9,SeaLake,SeaLake
9,9,SeaLake,SeaLake
9,9,SeaLake,SeaLake
9,9,SeaLake,SeaLake
9,9,SeaLake,SeaLake
9,9,SeaLake,SeaLake
9,9,SeaLake,SeaLake
9,9,SeaLake,SeaLake
9,9,SeaLake,SeaLake
9,9,SeaLake,SeaLake
9,9,SeaLake,SeaLake
9,9,SeaLake,SeaLake
9,9,SeaLake,SeaLake
9,9,SeaLake,SeaLake
9,9,SeaLake,SeaLake
9,9,SeaLake,SeaLake
9,5,SeaLake,Pasture
9,3,SeaLake,Highway
9,9,SeaLake,SeaLake
9,9,SeaLake,SeaLake
9,9,SeaLake,SeaLake
9,9,SeaLake,SeaLake
9,9,SeaLake,SeaLake
9,9,SeaLake,SeaLake
9,9,SeaLake,SeaLake
9,9,SeaLake,SeaLake
9,9,SeaLake,SeaLake
9,9,SeaLake,SeaLake
9,9,SeaLake,SeaLake
9,9,SeaLake,SeaLake
9,9,SeaLake,SeaLake
9,9,SeaLake,SeaLake
9,9,SeaLake,SeaLake
9,9,SeaLake,SeaLake
9,9,SeaLake,SeaLake
9,9,SeaLake,SeaLake
9,9,SeaLake,SeaLake
9,9,SeaLake,SeaLake
9,9,SeaLake,SeaLake
9,9,SeaLake,SeaLake
9,9,SeaLake,SeaLake
9,9,SeaLake,SeaLake
9,9,SeaLake,SeaLake
9,9,SeaLake,SeaLake
9,9,SeaLake,SeaLake
9,9,SeaLake,SeaLake
9,9,SeaLake,SeaLake
9,9,SeaLake,SeaLake
9,9,SeaLake,SeaLake
9,9,SeaLake,SeaLake
9,9,SeaLake,SeaLake
9,9,SeaLake,SeaLake
9,9,SeaLake,SeaLake
9,9,SeaLake,SeaLake
9,9,SeaLake,SeaLake
9,9,SeaLake,SeaLake
9,9,SeaLake,SeaLake
9,9,SeaLake,SeaLake
9,9,SeaLake,SeaLake
9,9,SeaLake,SeaLake
9,9,SeaLake,SeaLake
9,9,SeaLake,SeaLake
9,9,SeaLake,SeaLake
9,9,SeaLake,SeaLake
9,9,SeaLake,SeaLake
9,9,SeaLake,SeaLake
9,9,SeaLake,SeaLake
9,9,SeaLake,SeaLake
9,9,SeaLake,SeaLake
9,9,SeaLake,SeaLake
9,9,SeaLake,SeaLake
9,9,SeaLake,SeaLake
9,9,SeaLake,SeaLake
9,9,SeaLake,SeaLake
9,9,SeaLake,SeaLake
9,9,SeaLake,SeaLake
9,9,SeaLake,SeaLake
9,9,SeaLake,SeaLake
9,9,SeaLake,SeaLake
9,9,SeaLake,SeaLake
9,9,SeaLake,SeaLake
9,9,SeaLake,SeaLake
9,9,SeaLake,SeaLake
9,9,SeaLake,SeaLake
9,9,SeaLake,SeaLake
9,9,SeaLake,SeaLake
9,9,SeaLake,SeaLake
9,9,SeaLake,SeaLake
9,9,SeaLake,SeaLake
9,9,SeaLake,SeaLake
9,9,SeaLake,SeaLake
9,1,SeaLake,Forest
9,9,SeaLake,SeaLake
9,9,SeaLake,SeaLake
9,9,SeaLake,SeaLake
9,9,SeaLake,SeaLake
9,9,SeaLake,SeaLake
9,9,SeaLake,SeaLake
9,9,SeaLake,SeaLake
9,9,SeaLake,SeaLake
9,9,SeaLake,SeaLake
9,9,SeaLake,SeaLake
9,9,SeaLake,SeaLake
9,9,SeaLake,SeaLake
9,9,SeaLake,SeaLake
9,9,SeaLake,SeaLake
9,2,SeaLake,HerbaceousVegetation
9,9,SeaLake,SeaLake
9,9,SeaLake,SeaLake
9,9,SeaLake,SeaLake
9,9,SeaLake,SeaLake
9,9,SeaLake,SeaLake
9,9,SeaLake,SeaLake
9,9,SeaLake,SeaLake
9,9,SeaLake,SeaLake
9,1,SeaLake,Forest
9,9,SeaLake,SeaLake
9,9,SeaLake,SeaLake
9,9,SeaLake,SeaLake
9,9,SeaLake,SeaLake
9,9,SeaLake,SeaLake
9,9,SeaLake,SeaLake
9,9,SeaLake,SeaLake
9,9,SeaLake,SeaLake
9,9,SeaLake,SeaLake
9,9,SeaLake,SeaLake
9,9,SeaLake,SeaLake
9,9,SeaLake,SeaLake
9,9,SeaLake,SeaLake
9,9,SeaLake,SeaLake
9,9,SeaLake,SeaLake
9,9,SeaLake,SeaLake
9,9,SeaLake,SeaLake
9,9,SeaLake,SeaLake
9,9,SeaLake,SeaLake
9,9,SeaLake,SeaLake
9,9,SeaLake,SeaLake
9,9,SeaLake,SeaLake
9,9,SeaLake,SeaLake
9,9,SeaLake,SeaLake
9,9,SeaLake,SeaLake
9,9,SeaLake,SeaLake
9,9,SeaLake,SeaLake
9,9,SeaLake,SeaLake
9,9,SeaLake,SeaLake
9,9,SeaLake,SeaLake
9,9,SeaLake,SeaLake
9,9,SeaLake,SeaLake
9,9,SeaLake,SeaLake
9,9,SeaLake,SeaLake
9,9,SeaLake,SeaLake
9,9,SeaLake,SeaLake
9,9,SeaLake,SeaLake
9,9,SeaLake,SeaLake
9,9,SeaLake,SeaLake
9,1,SeaLake,Forest
9,9,SeaLake,SeaLake
9,9,SeaLake,SeaLake
9,9,SeaLake,SeaLake
9,9,SeaLake,SeaLake
9,9,SeaLake,SeaLake
9,9,SeaLake,SeaLake
9,9,SeaLake,SeaLake
9,9,SeaLake,SeaLake
9,9,SeaLake,SeaLake
9,9,SeaLake,SeaLake
9,9,SeaLake,SeaLake
9,9,SeaLake,SeaLake
9,9,SeaLake,SeaLake
9,9,SeaLake,SeaLake
9,9,SeaLake,SeaLake
9,9,SeaLake,SeaLake
9,9,SeaLake,SeaLake
9,9,SeaLake,SeaLake
9,9,SeaLake,SeaLake
9,9,SeaLake,SeaLake
9,9,SeaLake,SeaLake
9,9,SeaLake,SeaLake
9,9,SeaLake,SeaLake
9,9,SeaLake,SeaLake
9,9,SeaLake,SeaLake
9,9,SeaLake,SeaLake
9,9,SeaLake,SeaLake
9,9,SeaLake,SeaLake
9,9,SeaLake,SeaLake
9,9,SeaLake,SeaLake
9,9,SeaLake,SeaLake
9,9,SeaLake,SeaLake
9,9,SeaLake,SeaLake
9,9,SeaLake,SeaLake
9,9,SeaLake,SeaLake
9,9,SeaLake,SeaLake
9,9,SeaLake,SeaLake
9,9,SeaLake,SeaLake
9,9,SeaLake,SeaLake
9,9,SeaLake,SeaLake
9,8,SeaLake,River
9,9,SeaLake,SeaLake
9,9,SeaLake,SeaLake
9,9,SeaLake,SeaLake
9,9,SeaLake,SeaLake
9,9,SeaLake,SeaLake
9,9,SeaLake,SeaLake
9,9,SeaLake,SeaLake
9,9,SeaLake,SeaLake
9,9,SeaLake,SeaLake
9,9,SeaLake,SeaLake
9,9,SeaLake,SeaLake
9,9,SeaLake,SeaLake
9,9,SeaLake,SeaLake
9,9,SeaLake,SeaLake
9,9,SeaLake,SeaLake
9,9,SeaLake,SeaLake
9,9,SeaLake,SeaLake
9,9,SeaLake,SeaLake
9,9,SeaLake,SeaLake
9,9,SeaLake,SeaLake
9,9,SeaLake,SeaLake
9,9,SeaLake,SeaLake
9,9,SeaLake,SeaLake
9,9,SeaLake,SeaLake
9,9,SeaLake,SeaLake
9,9,SeaLake,SeaLake
9,9,SeaLake,SeaLake
9,9,SeaLake,SeaLake
9,9,SeaLake,SeaLake
9,9,SeaLake,SeaLake
9,9,SeaLake,SeaLake
9,9,SeaLake,SeaLake
9,8,SeaLake,River
9,9,SeaLake,SeaLake
9,9,SeaLake,SeaLake
9,9,SeaLake,SeaLake
9,9,SeaLake,SeaLake
9,9,SeaLake,SeaLake
9,9,SeaLake,SeaLake
9,9,SeaLake,SeaLake
9,9,SeaLake,SeaLake
9,9,SeaLake,SeaLake
9,9,SeaLake,SeaLake
9,9,SeaLake,SeaLake
9,9,SeaLake,SeaLake
9,9,SeaLake,SeaLake
9,9,SeaLake,SeaLake
9,9,SeaLake,SeaLake
9,9,SeaLake,SeaLake
9,9,SeaLake,SeaLake
9,9,SeaLake,SeaLake
9,9,SeaLake,SeaLake
9,9,SeaLake,SeaLake
9,9,SeaLake,SeaLake
9,9,SeaLake,SeaLake
9,9,SeaLake,SeaLake
9,1,SeaLake,Forest
9,9,SeaLake,SeaLake
9,9,SeaLake,SeaLake
9,9,SeaLake,SeaLake
9,9,SeaLake,SeaLake
9,9,SeaLake,SeaLake
9,9,SeaLake,SeaLake
9,9,SeaLake,SeaLake
9,9,SeaLake,SeaLake
9,9,SeaLake,SeaLake
9,9,SeaLake,SeaLake
9,9,SeaLake,SeaLake
9,9,SeaLake,SeaLake
9,9,SeaLake,SeaLake
9,9,SeaLake,SeaLake
9,9,SeaLake,SeaLake
9,9,SeaLake,SeaLake
9,9,SeaLake,SeaLake
9,9,SeaLake,SeaLake
9,9,SeaLake,SeaLake
9,9,SeaLake,SeaLake
9,9,SeaLake,SeaLake
9,9,SeaLake,SeaLake
9,9,SeaLake,SeaLake
9,9,SeaLake,SeaLake
9,9,SeaLake,SeaLake
9,9,SeaLake,SeaLake
9,9,SeaLake,SeaLake
9,9,SeaLake,SeaLake
9,9,SeaLake,SeaLake
9,9,SeaLake,SeaLake
9,9,SeaLake,SeaLake
9,9,SeaLake,SeaLake
9,9,SeaLake,SeaLake
9,9,SeaLake,SeaLake
9,9,SeaLake,SeaLake
9,9,SeaLake,SeaLake
9,9,SeaLake,SeaLake
9,9,SeaLake,SeaLake
9,9,SeaLake,SeaLake
9,9,SeaLake,SeaLake
9,9,SeaLake,SeaLake
9,9,SeaLake,SeaLake
9,9,SeaLake,SeaLake
9,9,SeaLake,SeaLake
9,9,SeaLake,SeaLake
9,9,SeaLake,SeaLake
9,9,SeaLake,SeaLake
9,9,SeaLake,SeaLake
9,9,SeaLake,SeaLake
9,9,SeaLake,SeaLake
9,9,SeaLake,SeaLake
9,9,SeaLake,SeaLake
9,9,SeaLake,SeaLake
9,9,SeaLake,SeaLake
9,9,SeaLake,SeaLake
9,9,SeaLake,SeaLake
9,9,SeaLake,SeaLake
9,9,SeaLake,SeaLake
9,9,SeaLake,SeaLake
9,9,SeaLake,SeaLake
9,9,SeaLake,SeaLake
9,9,SeaLake,SeaLake
9,9,SeaLake,SeaLake
9,9,SeaLake,SeaLake
9,9,SeaLake,SeaLake
9,9,SeaLake,SeaLake
9,9,SeaLake,SeaLake
9,9,SeaLake,SeaLake
9,9,SeaLake,SeaLake
9,9,SeaLake,SeaLake
9,9,SeaLake,SeaLake
9,9,SeaLake,SeaLake
9,9,SeaLake,SeaLake
9,9,SeaLake,SeaLake
9,9,SeaLake,SeaLake
9,9,SeaLake,SeaLake
9,9,SeaLake,SeaLake
9,9,SeaLake,SeaLake
9,9,SeaLake,SeaLake
9,9,SeaLake,SeaLake
9,9,SeaLake,SeaLake
9,9,SeaLake,SeaLake
9,9,SeaLake,SeaLake
9,9,SeaLake,SeaLake
9,9,SeaLake,SeaLake
9,9,SeaLake,SeaLake
9,9,SeaLake,SeaLake
9,9,SeaLake,SeaLake
9,9,SeaLake,SeaLake
9,9,SeaLake,SeaLake
9,9,SeaLake,SeaLake
9,9,SeaLake,SeaLake
9,9,SeaLake,SeaLake
9,9,SeaLake,SeaLake
9,9,SeaLake,SeaLake
9,9,SeaLake,SeaLake
9,9,SeaLake,SeaLake
9,9,SeaLake,SeaLake
9,9,SeaLake,SeaLake
9,9,SeaLake,SeaLake
9,9,SeaLake,SeaLake
9,9,SeaLake,SeaLake
9,9,SeaLake,SeaLake
9,9,SeaLake,SeaLake
9,9,SeaLake,SeaLake
9,9,SeaLake,SeaLake
9,9,SeaLake,SeaLake
9,9,SeaLake,SeaLake
9,9,SeaLake,SeaLake
9,9,SeaLake,SeaLake
9,9,SeaLake,SeaLake
9,9,SeaLake,SeaLake
9,9,SeaLake,SeaLake
9,9,SeaLake,SeaLake
9,9,SeaLake,SeaLake
9,9,SeaLake,SeaLake
9,9,SeaLake,SeaLake
9,9,SeaLake,SeaLake
9,9,SeaLake,SeaLake
9,9,SeaLake,SeaLake
9,9,SeaLake,SeaLake
9,9,SeaLake,SeaLake
9,9,SeaLake,SeaLake
9,9,SeaLake,SeaLake
9,9,SeaLake,SeaLake
9,8,SeaLake,River
9,9,SeaLake,SeaLake
9,9,SeaLake,SeaLake
9,9,SeaLake,SeaLake
9,9,SeaLake,SeaLake
9,9,SeaLake,SeaLake
9,9,SeaLake,SeaLake
9,9,SeaLake,SeaLake
9,9,SeaLake,SeaLake
9,9,SeaLake,SeaLake
9,9,SeaLake,SeaLake
9,9,SeaLake,SeaLake
9,9,SeaLake,SeaLake
9,9,SeaLake,SeaLake
9,9,SeaLake,SeaLake
9,9,SeaLake,SeaLake
9,9,SeaLake,SeaLake
9,9,SeaLake,SeaLake
9,9,SeaLake,SeaLake
9,9,SeaLake,SeaLake
9,9,SeaLake,SeaLake
9,9,SeaLake,SeaLake
9,9,SeaLake,SeaLake
9,9,SeaLake,SeaLake
9,9,SeaLake,SeaLake
9,9,SeaLake,SeaLake
9,9,SeaLake,SeaLake
9,9,SeaLake,SeaLake
9,9,SeaLake,SeaLake
9,9,SeaLake,SeaLake
9,9,SeaLake,SeaLake
9,9,SeaLake,SeaLake
9,9,SeaLake,SeaLake
9,9,SeaLake,SeaLake
9,9,SeaLake,SeaLake
9,9,SeaLake,SeaLake
9,9,SeaLake,SeaLake
9,9,SeaLake,SeaLake
9,9,SeaLake,SeaLake
9,9,SeaLake,SeaLake
9,9,SeaLake,SeaLake
9,9,SeaLake,SeaLake
9,9,SeaLake,SeaLake
9,9,SeaLake,SeaLake
9,9,SeaLake,SeaLake
9,9,SeaLake,SeaLake
9,9,SeaLake,SeaLake
9,9,SeaLake,SeaLake
9,1,SeaLake,Forest
9,9,SeaLake,SeaLake
9,9,SeaLake,SeaLake
9,9,SeaLake,SeaLake
9,9,SeaLake,SeaLake
9,9,SeaLake,SeaLake
9,9,SeaLake,SeaLake
9,9,SeaLake,SeaLake
9,9,SeaLake,SeaLake
9,9,SeaLake,SeaLake
9,9,SeaLake,SeaLake
9,9,SeaLake,SeaLake
9,9,SeaLake,SeaLake
9,9,SeaLake,SeaLake
9,9,SeaLake,SeaLake
9,9,SeaLake,SeaLake
9,9,SeaLake,SeaLake
9,9,SeaLake,SeaLake
9,9,SeaLake,SeaLake
9,9,SeaLake,SeaLake
9,9,SeaLake,SeaLake
9,9,SeaLake,SeaLake
9,9,SeaLake,SeaLake
9,9,SeaLake,SeaLake
9,9,SeaLake,SeaLake
9,9,SeaLake,SeaLake
9,9,SeaLake,SeaLake
9,9,SeaLake,SeaLake
9,9,SeaLake,SeaLake
9,9,SeaLake,SeaLake
9,9,SeaLake,SeaLake
9,9,SeaLake,SeaLake
9,9,SeaLake,SeaLake
9,9,SeaLake,SeaLake
9,9,SeaLake,SeaLake
9,9,SeaLake,SeaLake
9,9,SeaLake,SeaLake
9,9,SeaLake,SeaLake
9,9,SeaLake,SeaLake
9,9,SeaLake,SeaLake
9,9,SeaLake,SeaLake
9,9,SeaLake,SeaLake
9,9,SeaLake,SeaLake
9,9,SeaLake,SeaLake
9,9,SeaLake,SeaLake
9,9,SeaLake,SeaLake
9,9,SeaLake,SeaLake
9,9,SeaLake,SeaLake
9,9,SeaLake,SeaLake
9,9,SeaLake,SeaLake
9,9,SeaLake,SeaLake
9,8,SeaLake,River
9,9,SeaLake,SeaLake
9,9,SeaLake,SeaLake
9,9,SeaLake,SeaLake
9,9,SeaLake,SeaLake
9,9,SeaLake,SeaLake
9,9,SeaLake,SeaLake
9,9,SeaLake,SeaLake
9,9,SeaLake,SeaLake
9,9,SeaLake,SeaLake
9,9,SeaLake,SeaLake
9,9,SeaLake,SeaLake
9,9,SeaLake,SeaLake
9,9,SeaLake,SeaLake
9,2,SeaLake,HerbaceousVegetation
9,9,SeaLake,SeaLake
9,9,SeaLake,SeaLake
9,9,SeaLake,SeaLake
9,9,SeaLake,SeaLake
9,9,SeaLake,SeaLake
9,9,SeaLake,SeaLake
9,9,SeaLake,SeaLake
9,9,SeaLake,SeaLake
9,9,SeaLake,SeaLake
9,9,SeaLake,SeaLake
9,9,SeaLake,SeaLake
9,9,SeaLake,SeaLake
9,9,SeaLake,SeaLake
9,9,SeaLake,SeaLake
9,9,SeaLake,SeaLake
9,9,SeaLake,SeaLake
9,9,SeaLake,SeaLake
9,9,SeaLake,SeaLake
9,9,SeaLake,SeaLake
9,9,SeaLake,SeaLake
9,9,SeaLake,SeaLake
9,9,SeaLake,SeaLake
9,9,SeaLake,SeaLake
9,9,SeaLake,SeaLake
9,9,SeaLake,SeaLake
9,9,SeaLake,SeaLake
9,9,SeaLake,SeaLake
9,9,SeaLake,SeaLake
9,9,SeaLake,SeaLake
9,9,SeaLake,SeaLake
9,9,SeaLake,SeaLake
9,1,SeaLake,Forest
9,9,SeaLake,SeaLake
9,9,SeaLake,SeaLake
9,9,SeaLake,SeaLake
9,9,SeaLake,SeaLake
9,9,SeaLake,SeaLake
9,9,SeaLake,SeaLake
9,8,SeaLake,River
9,9,SeaLake,SeaLake
9,9,SeaLake,SeaLake
9,9,SeaLake,SeaLake
9,9,SeaLake,SeaLake
9,9,SeaLake,SeaLake
9,9,SeaLake,SeaLake
9,9,SeaLake,SeaLake
9,9,SeaLake,SeaLake
9,9,SeaLake,SeaLake
9,9,SeaLake,SeaLake
9,9,SeaLake,SeaLake
9,9,SeaLake,SeaLake
9,9,SeaLake,SeaLake
9,9,SeaLake,SeaLake
9,9,SeaLake,SeaLake
9,9,SeaLake,SeaLake
9,9,SeaLake,SeaLake
9,9,SeaLake,SeaLake
9,9,SeaLake,SeaLake
9,9,SeaLake,SeaLake
9,9,SeaLake,SeaLake
9,9,SeaLake,SeaLake
9,9,SeaLake,SeaLake
9,9,SeaLake,SeaLake
9,9,SeaLake,SeaLake
9,9,SeaLake,SeaLake
9,9,SeaLake,SeaLake
9,9,SeaLake,SeaLake
9,9,SeaLake,SeaLake
9,9,SeaLake,SeaLake
9,9,SeaLake,SeaLake
9,9,SeaLake,SeaLake
9,9,SeaLake,SeaLake
9,9,SeaLake,SeaLake
9,9,SeaLake,SeaLake
9,9,SeaLake,SeaLake
9,9,SeaLake,SeaLake
9,9,SeaLake,SeaLake
9,9,SeaLake,SeaLake
9,9,SeaLake,SeaLake
9,9,SeaLake,SeaLake
9,9,SeaLake,SeaLake
9,9,SeaLake,SeaLake
9,9,SeaLake,SeaLake
9,9,SeaLake,SeaLake
9,9,SeaLake,SeaLake
9,9,SeaLake,SeaLake
9,9,SeaLake,SeaLake
9,9,SeaLake,SeaLake
9,9,SeaLake,SeaLake
9,9,SeaLake,SeaLake
9,9,SeaLake,SeaLake
9,9,SeaLake,SeaLake
9,9,SeaLake,SeaLake
9,9,SeaLake,SeaLake
9,9,SeaLake,SeaLake
9,9,SeaLake,SeaLake
9,9,SeaLake,SeaLake
9,9,SeaLake,SeaLake
9,9,SeaLake,SeaLake
9,9,SeaLake,SeaLake
9,9,SeaLake,SeaLake
9,9,SeaLake,SeaLake
9,9,SeaLake,SeaLake
9,9,SeaLake,SeaLake
9,9,SeaLake,SeaLake
9,9,SeaLake,SeaLake
9,9,SeaLake,SeaLake
9,9,SeaLake,SeaLake
9,9,SeaLake,SeaLake
9,9,SeaLake,SeaLake
9,9,SeaLake,SeaLake
9,9,SeaLake,SeaLake
9,9,SeaLake,SeaLake
9,9,SeaLake,SeaLake
9,9,SeaLake,SeaLake
9,2,SeaLake,HerbaceousVegetation
9,9,SeaLake,SeaLake
9,9,SeaLake,SeaLake
9,9,SeaLake,SeaLake
9,9,SeaLake,SeaLake
9,9,SeaLake,SeaLake
9,9,SeaLake,SeaLake
9,9,SeaLake,SeaLake
9,9,SeaLake,SeaLake
9,9,SeaLake,SeaLake
9,9,SeaLake,SeaLake
9,9,SeaLake,SeaLake
9,9,SeaLake,SeaLake
9,9,SeaLake,SeaLake
9,9,SeaLake,SeaLake
9,9,SeaLake,SeaLake
9,9,SeaLake,SeaLake
9,9,SeaLake,SeaLake
9,9,SeaLake,SeaLake
9,9,SeaLake,SeaLake
9,9,SeaLake,SeaLake
9,9,SeaLake,SeaLake
9,9,SeaLake,SeaLake
9,9,SeaLake,SeaLake
9,9,SeaLake,SeaLake
9,9,SeaLake,SeaLake
9,9,SeaLake,SeaLake
9,9,SeaLake,SeaLake
9,9,SeaLake,SeaLake
9,9,SeaLake,SeaLake
9,9,SeaLake,SeaLake
9,9,SeaLake,SeaLake
9,9,SeaLake,SeaLake
9,9,SeaLake,SeaLake
9,9,SeaLake,SeaLake
9,1,SeaLake,Forest
9,9,SeaLake,SeaLake
9,9,SeaLake,SeaLake
9,9,SeaLake,SeaLake
9,9,SeaLake,SeaLake
9,9,SeaLake,SeaLake
9,9,SeaLake,SeaLake
9,9,SeaLake,SeaLake
9,9,SeaLake,SeaLake
9,9,SeaLake,SeaLake
9,9,SeaLake,SeaLake
9,9,SeaLake,SeaLake
9,9,SeaLake,SeaLake
9,0,SeaLake,AnnualCrop
9,9,SeaLake,SeaLake
9,8,SeaLake,River
9,9,SeaLake,SeaLake
9,9,SeaLake,SeaLake
9,9,SeaLake,SeaLake
9,9,SeaLake,SeaLake
9,9,SeaLake,SeaLake
9,9,SeaLake,SeaLake
9,9,SeaLake,SeaLake
9,8,SeaLake,River
9,9,SeaLake,SeaLake
9,9,SeaLake,SeaLake
9,9,SeaLake,SeaLake
9,9,SeaLake,SeaLake
9,9,SeaLake,SeaLake
9,9,SeaLake,SeaLake
9,9,SeaLake,SeaLake
9,9,SeaLake,SeaLake
9,9,SeaLake,SeaLake
9,9,SeaLake,SeaLake
9,9,SeaLake,SeaLake
9,9,SeaLake,SeaLake
9,9,SeaLake,SeaLake
9,9,SeaLake,SeaLake
9,9,SeaLake,SeaLake
9,9,SeaLake,SeaLake
9,9,SeaLake,SeaLake
9,9,SeaLake,SeaLake
9,9,SeaLake,SeaLake
9,2,SeaLake,HerbaceousVegetation
9,9,SeaLake,SeaLake
9,9,SeaLake,SeaLake
9,9,SeaLake,SeaLake
9,9,SeaLake,SeaLake
9,9,SeaLake,SeaLake
9,9,SeaLake,SeaLake
9,9,SeaLake,SeaLake
9,9,SeaLake,SeaLake
9,9,SeaLake,SeaLake
9,9,SeaLake,SeaLake
9,9,SeaLake,SeaLake
9,9,SeaLake,SeaLake
9,9,SeaLake,SeaLake
9,9,SeaLake,SeaLake
9,9,SeaLake,SeaLake
9,9,SeaLake,SeaLake
9,9,SeaLake,SeaLake
9,9,SeaLake,SeaLake
9,9,SeaLake,SeaLake
9,9,SeaLake,SeaLake
9,9,SeaLake,SeaLake
9,9,SeaLake,SeaLake
9,9,SeaLake,SeaLake
9,9,SeaLake,SeaLake
9,9,SeaLake,SeaLake
9,9,SeaLake,SeaLake
9,9,SeaLake,SeaLake
9,9,SeaLake,SeaLake
9,9,SeaLake,SeaLake
9,9,SeaLake,SeaLake
9,9,SeaLake,SeaLake
9,9,SeaLake,SeaLake
9,9,SeaLake,SeaLake
9,9,SeaLake,SeaLake
9,9,SeaLake,SeaLake
9,9,SeaLake,SeaLake
9,9,SeaLake,SeaLake
9,9,SeaLake,SeaLake
9,9,SeaLake,SeaLake
9,9,SeaLake,SeaLake
9,9,SeaLake,SeaLake
9,9,SeaLake,SeaLake
9,9,SeaLake,SeaLake
9,9,SeaLake,SeaLake
9,9,SeaLake,SeaLake
9,9,SeaLake,SeaLake
9,9,SeaLake,SeaLake
9,9,SeaLake,SeaLake
9,9,SeaLake,SeaLake
9,9,SeaLake,SeaLake
9,9,SeaLake,SeaLake
9,9,SeaLake,SeaLake
9,8,SeaLake,River
9,9,SeaLake,SeaLake
9,9,SeaLake,SeaLake
9,9,SeaLake,SeaLake
9,9,SeaLake,SeaLake
9,9,SeaLake,SeaLake
9,9,SeaLake,SeaLake
9,9,SeaLake,SeaLake
9,9,SeaLake,SeaLake
9,9,SeaLake,SeaLake
9,9,SeaLake,SeaLake
9,9,SeaLake,SeaLake
9,9,SeaLake,SeaLake
9,9,SeaLake,SeaLake
9,9,SeaLake,SeaLake
9,9,SeaLake,SeaLake
9,9,SeaLake,SeaLake
9,9,SeaLake,SeaLake
9,9,SeaLake,SeaLake
9,9,SeaLake,SeaLake
9,9,SeaLake,SeaLake
9,9,SeaLake,SeaLake
9,9,SeaLake,SeaLake
9,9,SeaLake,SeaLake
9,9,SeaLake,SeaLake
9,9,SeaLake,SeaLake
9,9,SeaLake,SeaLake
9,9,SeaLake,SeaLake
9,9,SeaLake,SeaLake
9,9,SeaLake,SeaLake
9,9,SeaLake,SeaLake
9,9,SeaLake,SeaLake
9,9,SeaLake,SeaLake
9,9,SeaLake,SeaLake
9,9,SeaLake,SeaLake
9,9,SeaLake,SeaLake
9,9,SeaLake,SeaLake
9,9,SeaLake,SeaLake
9,9,SeaLake,SeaLake
9,9,SeaLake,SeaLake
9,9,SeaLake,SeaLake
9,9,SeaLake,SeaLake
9,9,SeaLake,SeaLake
9,9,SeaLake,SeaLake
9,9,SeaLake,SeaLake
9,9,SeaLake,SeaLake
9,9,SeaLake,SeaLake
9,9,SeaLake,SeaLake
9,9,SeaLake,SeaLake
9,9,SeaLake,SeaLake
9,9,SeaLake,SeaLake
9,9,SeaLake,SeaLake
9,9,SeaLake,SeaLake
9,9,SeaLake,SeaLake
9,9,SeaLake,SeaLake
9,9,SeaLake,SeaLake
9,9,SeaLake,SeaLake
9,9,SeaLake,SeaLake
9,9,SeaLake,SeaLake
9,9,SeaLake,SeaLake
9,9,SeaLake,SeaLake
9,9,SeaLake,SeaLake
9,9,SeaLake,SeaLake
9,9,SeaLake,SeaLake
9,9,SeaLake,SeaLake
9,9,SeaLake,SeaLake
9,9,SeaLake,SeaLake
9,9,SeaLake,SeaLake
9,9,SeaLake,SeaLake
9,9,SeaLake,SeaLake
9,9,SeaLake,SeaLake
9,9,SeaLake,SeaLake
9,9,SeaLake,SeaLake
9,9,SeaLake,SeaLake
9,9,SeaLake,SeaLake
9,1,SeaLake,Forest
9,9,SeaLake,SeaLake
9,9,SeaLake,SeaLake
9,9,SeaLake,SeaLake
9,9,SeaLake,SeaLake
9,9,SeaLake,SeaLake
9,9,SeaLake,SeaLake
9,9,SeaLake,SeaLake
9,9,SeaLake,SeaLake
9,9,SeaLake,SeaLake
9,9,SeaLake,SeaLake
9,9,SeaLake,SeaLake
9,9,SeaLake,SeaLake
9,9,SeaLake,SeaLake
9,9,SeaLake,SeaLake
9,9,SeaLake,SeaLake
9,9,SeaLake,SeaLake
9,9,SeaLake,SeaLake
9,9,SeaLake,SeaLake
9,9,SeaLake,SeaLake
9,9,SeaLake,SeaLake
9,9,SeaLake,SeaLake
9,9,SeaLake,SeaLake
9,9,SeaLake,SeaLake
9,9,SeaLake,SeaLake
9,9,SeaLake,SeaLake
9,9,SeaLake,SeaLake
9,9,SeaLake,SeaLake
9,9,SeaLake,SeaLake
9,9,SeaLake,SeaLake
9,9,SeaLake,SeaLake
9,9,SeaLake,SeaLake
9,9,SeaLake,SeaLake
9,9,SeaLake,SeaLake
9,9,SeaLake,SeaLake
9,9,SeaLake,SeaLake
9,9,SeaLake,SeaLake
9,9,SeaLake,SeaLake
9,9,SeaLake,SeaLake
9,9,SeaLake,SeaLake
9,9,SeaLake,SeaLake
9,9,SeaLake,SeaLake
9,9,SeaLake,SeaLake
9,9,SeaLake,SeaLake
9,9,SeaLake,SeaLake
9,9,SeaLake,SeaLake
9,9,SeaLake,SeaLake
9,9,SeaLake,SeaLake
9,9,SeaLake,SeaLake
9,9,SeaLake,SeaLake
9,9,SeaLake,SeaLake
9,9,SeaLake,SeaLake
9,9,SeaLake,SeaLake
9,9,SeaLake,SeaLake
9,9,SeaLake,SeaLake
9,9,SeaLake,SeaLake
9,1,SeaLake,Forest
9,9,SeaLake,SeaLake
9,9,SeaLake,SeaLake
9,9,SeaLake,SeaLake
9,9,SeaLake,SeaLake
9,9,SeaLake,SeaLake
9,9,SeaLake,SeaLake
9,9,SeaLake,SeaLake
9,9,SeaLake,SeaLake
9,9,SeaLake,SeaLake
9,9,SeaLake,SeaLake
9,9,SeaLake,SeaLake
9,9,SeaLake,SeaLake
9,9,SeaLake,SeaLake
9,9,SeaLake,SeaLake
9,9,SeaLake,SeaLake
9,9,SeaLake,SeaLake
9,9,SeaLake,SeaLake
9,9,SeaLake,SeaLake
9,9,SeaLake,SeaLake
9,9,SeaLake,SeaLake
9,9,SeaLake,SeaLake
9,1,SeaLake,Forest
9,9,SeaLake,SeaLake
9,9,SeaLake,SeaLake
9,9,SeaLake,SeaLake
9,9,SeaLake,SeaLake
9,9,SeaLake,SeaLake
9,9,SeaLake,SeaLake
9,9,SeaLake,SeaLake
9,9,SeaLake,SeaLake
9,9,SeaLake,SeaLake
9,9,SeaLake,SeaLake
9,9,SeaLake,SeaLake
9,9,SeaLake,SeaLake
9,9,SeaLake,SeaLake
9,9,SeaLake,SeaLake
9,9,SeaLake,SeaLake
9,9,SeaLake,SeaLake
9,9,SeaLake,SeaLake
9,9,SeaLake,SeaLake
9,9,SeaLake,SeaLake
9,9,SeaLake,SeaLake
9,9,SeaLake,SeaLake
9,9,SeaLake,SeaLake
9,9,SeaLake,SeaLake
9,9,SeaLake,SeaLake
9,9,SeaLake,SeaLake
9,9,SeaLake,SeaLake
9,9,SeaLake,SeaLake
9,9,SeaLake,SeaLake
9,9,SeaLake,SeaLake
9,9,SeaLake,SeaLake
9,9,SeaLake,SeaLake
9,9,SeaLake,SeaLake
9,9,SeaLake,SeaLake
9,9,SeaLake,SeaLake
9,9,SeaLake,SeaLake
9,9,SeaLake,SeaLake
9,9,SeaLake,SeaLake
9,9,SeaLake,SeaLake
9,9,SeaLake,SeaLake
9,0,SeaLake,AnnualCrop
9,9,SeaLake,SeaLake
9,9,SeaLake,SeaLake
9,9,SeaLake,SeaLake
9,9,SeaLake,SeaLake
9,9,SeaLake,SeaLake
9,9,SeaLake,SeaLake
9,9,SeaLake,SeaLake
9,9,SeaLake,SeaLake
9,9,SeaLake,SeaLake
9,9,SeaLake,SeaLake
9,9,SeaLake,SeaLake
9,9,SeaLake,SeaLake
9,9,SeaLake,SeaLake
9,9,SeaLake,SeaLake
9,9,SeaLake,SeaLake
9,9,SeaLake,SeaLake
9,9,SeaLake,SeaLake
9,9,SeaLake,SeaLake
9,9,SeaLake,SeaLake
9,9,SeaLake,SeaLake
9,9,SeaLake,SeaLake
9,9,SeaLake,SeaLake
9,0,SeaLake,AnnualCrop
9,9,SeaLake,SeaLake
9,9,SeaLake,SeaLake
9,9,SeaLake,SeaLake
9,9,SeaLake,SeaLake
9,9,SeaLake,SeaLake
9,9,SeaLake,SeaLake
9,9,SeaLake,SeaLake
9,9,SeaLake,SeaLake
9,9,SeaLake,SeaLake
9,9,SeaLake,SeaLake
9,9,SeaLake,SeaLake
9,9,SeaLake,SeaLake
9,9,SeaLake,SeaLake
9,9,SeaLake,SeaLake
9,9,SeaLake,SeaLake
9,9,SeaLake,SeaLake
9,9,SeaLake,SeaLake
9,9,SeaLake,SeaLake
9,9,SeaLake,SeaLake
9,9,SeaLake,SeaLake
9,9,SeaLake,SeaLake
9,9,SeaLake,SeaLake
9,9,SeaLake,SeaLake
9,9,SeaLake,SeaLake
9,9,SeaLake,SeaLake
9,9,SeaLake,SeaLake
9,9,SeaLake,SeaLake
9,9,SeaLake,SeaLake
9,9,SeaLake,SeaLake
9,9,SeaLake,SeaLake
9,9,SeaLake,SeaLake
9,9,SeaLake,SeaLake
9,9,SeaLake,SeaLake
9,9,SeaLake,SeaLake
9,9,SeaLake,SeaLake
9,9,SeaLake,SeaLake
9,9,SeaLake,SeaLake
9,9,SeaLake,SeaLake
9,9,SeaLake,SeaLake
9,9,SeaLake,SeaLake
9,9,SeaLake,SeaLake
9,9,SeaLake,SeaLake
9,9,SeaLake,SeaLake
9,9,SeaLake,SeaLake
9,9,SeaLake,SeaLake
9,9,SeaLake,SeaLake
9,9,SeaLake,SeaLake
9,9,SeaLake,SeaLake
9,9,SeaLake,SeaLake
9,9,SeaLake,SeaLake
9,9,SeaLake,SeaLake
9,9,SeaLake,SeaLake
9,9,SeaLake,SeaLake
9,9,SeaLake,SeaLake
9,9,SeaLake,SeaLake
9,9,SeaLake,SeaLake
9,9,SeaLake,SeaLake
9,9,SeaLake,SeaLake
9,9,SeaLake,SeaLake
9,9,SeaLake,SeaLake
9,9,SeaLake,SeaLake
9,9,SeaLake,SeaLake
9,9,SeaLake,SeaLake
9,9,SeaLake,SeaLake
9,9,SeaLake,SeaLake
9,9,SeaLake,SeaLake
9,9,SeaLake,SeaLake
9,9,SeaLake,SeaLake
9,9,SeaLake,SeaLake
9,9,SeaLake,SeaLake
9,9,SeaLake,SeaLake
9,9,SeaLake,SeaLake
9,9,SeaLake,SeaLake
9,9,SeaLake,SeaLake
9,9,SeaLake,SeaLake
9,1,SeaLake,Forest
9,9,SeaLake,SeaLake
9,9,SeaLake,SeaLake
9,9,SeaLake,SeaLake
9,9,SeaLake,SeaLake
9,9,SeaLake,SeaLake
9,9,SeaLake,SeaLake
9,9,SeaLake,SeaLake
9,9,SeaLake,SeaLake
9,3,SeaLake,Highway
9,1,SeaLake,Forest
9,9,SeaLake,SeaLake
9,9,SeaLake,SeaLake
9,9,SeaLake,SeaLake
9,9,SeaLake,SeaLake
9,9,SeaLake,SeaLake
9,9,SeaLake,SeaLake
9,9,SeaLake,SeaLake
9,9,SeaLake,SeaLake
9,9,SeaLake,SeaLake
9,9,SeaLake,SeaLake
9,9,SeaLake,SeaLake
9,9,SeaLake,SeaLake
9,9,SeaLake,SeaLake
9,9,SeaLake,SeaLake
9,9,SeaLake,SeaLake
9,9,SeaLake,SeaLake
9,9,SeaLake,SeaLake
9,9,SeaLake,SeaLake
9,9,SeaLake,SeaLake
9,9,SeaLake,SeaLake
9,9,SeaLake,SeaLake
9,9,SeaLake,SeaLake
9,9,SeaLake,SeaLake
9,9,SeaLake,SeaLake
9,9,SeaLake,SeaLake
9,9,SeaLake,SeaLake
9,9,SeaLake,SeaLake
9,9,SeaLake,SeaLake
9,9,SeaLake,SeaLake
9,9,SeaLake,SeaLake
9,9,SeaLake,SeaLake
9,9,SeaLake,SeaLake
9,9,SeaLake,SeaLake
9,9,SeaLake,SeaLake
9,9,SeaLake,SeaLake
9,1,SeaLake,Forest
9,9,SeaLake,SeaLake
9,9,SeaLake,SeaLake
9,9,SeaLake,SeaLake
9,9,SeaLake,SeaLake
9,9,SeaLake,SeaLake
9,9,SeaLake,SeaLake
9,9,SeaLake,SeaLake
9,9,SeaLake,SeaLake
9,9,SeaLake,SeaLake
9,9,SeaLake,SeaLake
9,9,SeaLake,SeaLake
9,9,SeaLake,SeaLake
9,9,SeaLake,SeaLake
9,7,SeaLake,Residential
9,9,SeaLake,SeaLake
9,9,SeaLake,SeaLake
9,9,SeaLake,SeaLake
9,9,SeaLake,SeaLake
9,9,SeaLake,SeaLake
9,9,SeaLake,SeaLake
9,9,SeaLake,SeaLake
9,9,SeaLake,SeaLake
9,9,SeaLake,SeaLake
9,9,SeaLake,SeaLake
9,9,SeaLake,SeaLake
9,9,SeaLake,SeaLake
9,9,SeaLake,SeaLake
9,9,SeaLake,SeaLake
9,9,SeaLake,SeaLake
9,9,SeaLake,SeaLake
9,9,SeaLake,SeaLake
9,9,SeaLake,SeaLake
9,9,SeaLake,SeaLake
9,9,SeaLake,SeaLake
9,9,SeaLake,SeaLake
9,9,SeaLake,SeaLake
9,9,SeaLake,SeaLake
9,9,SeaLake,SeaLake
9,9,SeaLake,SeaLake
9,3,SeaLake,Highway
9,9,SeaLake,SeaLake
9,9,SeaLake,SeaLake
9,9,SeaLake,SeaLake
9,9,SeaLake,SeaLake
9,9,SeaLake,SeaLake
9,9,SeaLake,SeaLake
9,9,SeaLake,SeaLake
9,9,SeaLake,SeaLake
9,9,SeaLake,SeaLake
9,9,SeaLake,SeaLake
9,9,SeaLake,SeaLake
9,9,SeaLake,SeaLake
9,9,SeaLake,SeaLake
9,9,SeaLake,SeaLake
9,9,SeaLake,SeaLake
9,9,SeaLake,SeaLake
9,9,SeaLake,SeaLake
9,9,SeaLake,SeaLake
9,9,SeaLake,SeaLake
9,9,SeaLake,SeaLake
9,9,SeaLake,SeaLake
9,9,SeaLake,SeaLake
9,0,SeaLake,AnnualCrop
9,9,SeaLake,SeaLake
9,9,SeaLake,SeaLake
9,9,SeaLake,SeaLake
9,9,SeaLake,SeaLake
9,9,SeaLake,SeaLake
9,9,SeaLake,SeaLake
9,9,SeaLake,SeaLake
9,9,SeaLake,SeaLake
9,9,SeaLake,SeaLake
9,9,SeaLake,SeaLake
9,9,SeaLake,SeaLake
9,9,SeaLake,SeaLake
9,9,SeaLake,SeaLake
9,9,SeaLake,SeaLake
9,9,SeaLake,SeaLake
9,9,SeaLake,SeaLake
9,9,SeaLake,SeaLake
9,9,SeaLake,SeaLake
9,9,SeaLake,SeaLake
9,9,SeaLake,SeaLake
9,9,SeaLake,SeaLake
9,9,SeaLake,SeaLake
9,9,SeaLake,SeaLake
9,9,SeaLake,SeaLake
9,9,SeaLake,SeaLake
9,9,SeaLake,SeaLake
9,9,SeaLake,SeaLake
9,9,SeaLake,SeaLake
9,9,SeaLake,SeaLake
9,9,SeaLake,SeaLake
9,9,SeaLake,SeaLake
9,9,SeaLake,SeaLake
9,9,SeaLake,SeaLake
9,3,SeaLake,Highway
9,9,SeaLake,SeaLake
9,9,SeaLake,SeaLake
9,9,SeaLake,SeaLake
9,2,SeaLake,HerbaceousVegetation
9,9,SeaLake,SeaLake
9,9,SeaLake,SeaLake
9,9,SeaLake,SeaLake
9,9,SeaLake,SeaLake
9,9,SeaLake,SeaLake
9,9,SeaLake,SeaLake
9,9,SeaLake,SeaLake
9,9,SeaLake,SeaLake
9,9,SeaLake,SeaLake
9,9,SeaLake,SeaLake
9,9,SeaLake,SeaLake
9,9,SeaLake,SeaLake
9,9,SeaLake,SeaLake
9,9,SeaLake,SeaLake
9,9,SeaLake,SeaLake
9,9,SeaLake,SeaLake
9,9,SeaLake,SeaLake
9,9,SeaLake,SeaLake
9,9,SeaLake,SeaLake
9,9,SeaLake,SeaLake
9,9,SeaLake,SeaLake
9,9,SeaLake,SeaLake
9,9,SeaLake,SeaLake
9,9,SeaLake,SeaLake
9,9,SeaLake,SeaLake
9,9,SeaLake,SeaLake
9,9,SeaLake,SeaLake
9,9,SeaLake,SeaLake
9,9,SeaLake,SeaLake
9,9,SeaLake,SeaLake
9,9,SeaLake,SeaLake
9,9,SeaLake,SeaLake
9,9,SeaLake,SeaLake
9,9,SeaLake,SeaLake
9,9,SeaLake,SeaLake
9,9,SeaLake,SeaLake
9,9,SeaLake,SeaLake
9,9,SeaLake,SeaLake
9,9,SeaLake,SeaLake
9,9,SeaLake,SeaLake
9,9,SeaLake,SeaLake
9,9,SeaLake,SeaLake
9,9,SeaLake,SeaLake
9,9,SeaLake,SeaLake
9,9,SeaLake,SeaLake
9,9,SeaLake,SeaLake
9,9,SeaLake,SeaLake
9,9,SeaLake,SeaLake
9,9,SeaLake,SeaLake
9,9,SeaLake,SeaLake
9,9,SeaLake,SeaLake
9,9,SeaLake,SeaLake
9,9,SeaLake,SeaLake
9,9,SeaLake,SeaLake
9,9,SeaLake,SeaLake
9,9,SeaLake,SeaLake
9,9,SeaLake,SeaLake
9,9,SeaLake,SeaLake
9,9,SeaLake,SeaLake
9,9,SeaLake,SeaLake
9,9,SeaLake,SeaLake
9,9,SeaLake,SeaLake
9,9,SeaLake,SeaLake
9,9,SeaLake,SeaLake
9,9,SeaLake,SeaLake
9,1,SeaLake,Forest
9,9,SeaLake,SeaLake
9,9,SeaLake,SeaLake
9,9,SeaLake,SeaLake
9,9,SeaLake,SeaLake
9,9,SeaLake,SeaLake
9,9,SeaLake,SeaLake
9,9,SeaLake,SeaLake
9,9,SeaLake,SeaLake
9,9,SeaLake,SeaLake
9,9,SeaLake,SeaLake
9,9,SeaLake,SeaLake
9,9,SeaLake,SeaLake
9,9,SeaLake,SeaLake
9,9,SeaLake,SeaLake
9,9,SeaLake,SeaLake
9,9,SeaLake,SeaLake
9,9,SeaLake,SeaLake
9,9,SeaLake,SeaLake
9,9,SeaLake,SeaLake
9,9,SeaLake,SeaLake
9,9,SeaLake,SeaLake
9,9,SeaLake,SeaLake
9,9,SeaLake,SeaLake
9,9,SeaLake,SeaLake
9,9,SeaLake,SeaLake
9,9,SeaLake,SeaLake
9,9,SeaLake,SeaLake
9,9,SeaLake,SeaLake
9,9,SeaLake,SeaLake
9,9,SeaLake,SeaLake
9,9,SeaLake,SeaLake
9,9,SeaLake,SeaLake
9,1,SeaLake,Forest
9,9,SeaLake,SeaLake
9,9,SeaLake,SeaLake
9,9,SeaLake,SeaLake
9,9,SeaLake,SeaLake
9,1,SeaLake,Forest
9,9,SeaLake,SeaLake
9,9,SeaLake,SeaLake
9,9,SeaLake,SeaLake
9,9,SeaLake,SeaLake
9,9,SeaLake,SeaLake
9,9,SeaLake,SeaLake
9,9,SeaLake,SeaLake
9,9,SeaLake,SeaLake
9,9,SeaLake,SeaLake
9,9,SeaLake,SeaLake
9,9,SeaLake,SeaLake
9,9,SeaLake,SeaLake
9,9,SeaLake,SeaLake
9,9,SeaLake,SeaLake
9,9,SeaLake,SeaLake
9,9,SeaLake,SeaLake
9,9,SeaLake,SeaLake
9,9,SeaLake,SeaLake
9,9,SeaLake,SeaLake
9,9,SeaLake,SeaLake
9,9,SeaLake,SeaLake
9,9,SeaLake,SeaLake
9,9,SeaLake,SeaLake
9,9,SeaLake,SeaLake
9,9,SeaLake,SeaLake
9,9,SeaLake,SeaLake
9,9,SeaLake,SeaLake
9,9,SeaLake,SeaLake
9,9,SeaLake,SeaLake
9,9,SeaLake,SeaLake
9,9,SeaLake,SeaLake
9,9,SeaLake,SeaLake
9,9,SeaLake,SeaLake
9,9,SeaLake,SeaLake
9,9,SeaLake,SeaLake
9,9,SeaLake,SeaLake
9,9,SeaLake,SeaLake
9,9,SeaLake,SeaLake
9,9,SeaLake,SeaLake
9,9,SeaLake,SeaLake
9,9,SeaLake,SeaLake
9,9,SeaLake,SeaLake
9,9,SeaLake,SeaLake
9,9,SeaLake,SeaLake
9,9,SeaLake,SeaLake
9,8,SeaLake,River
9,9,SeaLake,SeaLake
9,9,SeaLake,SeaLake
9,9,SeaLake,SeaLake
9,9,SeaLake,SeaLake
9,9,SeaLake,SeaLake
9,9,SeaLake,SeaLake
9,8,SeaLake,River
9,9,SeaLake,SeaLake
9,9,SeaLake,SeaLake
9,9,SeaLake,SeaLake
9,9,SeaLake,SeaLake
9,9,SeaLake,SeaLake
9,9,SeaLake,SeaLake
9,9,SeaLake,SeaLake
9,9,SeaLake,SeaLake
9,9,SeaLake,SeaLake
9,9,SeaLake,SeaLake
9,9,SeaLake,SeaLake
9,9,SeaLake,SeaLake
9,9,SeaLake,SeaLake
9,9,SeaLake,SeaLake
9,9,SeaLake,SeaLake
9,9,SeaLake,SeaLake
9,9,SeaLake,SeaLake
9,9,SeaLake,SeaLake
9,9,SeaLake,SeaLake
9,9,SeaLake,SeaLake
9,9,SeaLake,SeaLake
9,9,SeaLake,SeaLake
9,9,SeaLake,SeaLake
9,9,SeaLake,SeaLake
9,9,SeaLake,SeaLake
9,9,SeaLake,SeaLake
9,9,SeaLake,SeaLake
9,9,SeaLake,SeaLake
9,1,SeaLake,Forest
9,9,SeaLake,SeaLake
9,9,SeaLake,SeaLake
9,9,SeaLake,SeaLake
9,9,SeaLake,SeaLake
9,9,SeaLake,SeaLake
9,9,SeaLake,SeaLake
9,9,SeaLake,SeaLake
9,0,SeaLake,AnnualCrop
9,9,SeaLake,SeaLake
9,9,SeaLake,SeaLake
9,9,SeaLake,SeaLake
9,9,SeaLake,SeaLake
9,9,SeaLake,SeaLake
9,9,SeaLake,SeaLake
9,9,SeaLake,SeaLake
9,9,SeaLake,SeaLake
9,9,SeaLake,SeaLake
9,9,SeaLake,SeaLake
9,9,SeaLake,SeaLake
9,9,SeaLake,SeaLake
9,9,SeaLake,SeaLake
9,9,SeaLake,SeaLake
9,9,SeaLake,SeaLake
9,9,SeaLake,SeaLake
9,9,SeaLake,SeaLake
9,9,SeaLake,SeaLake
9,9,SeaLake,SeaLake
9,9,SeaLake,SeaLake
9,9,SeaLake,SeaLake
9,9,SeaLake,SeaLake
9,9,SeaLake,SeaLake
9,9,SeaLake,SeaLake
9,9,SeaLake,SeaLake
9,9,SeaLake,SeaLake
9,9,SeaLake,SeaLake
9,9,SeaLake,SeaLake
9,9,SeaLake,SeaLake
9,9,SeaLake,SeaLake
9,9,SeaLake,SeaLake
9,9,SeaLake,SeaLake
9,9,SeaLake,SeaLake
9,9,SeaLake,SeaLake
9,9,SeaLake,SeaLake
9,9,SeaLake,SeaLake
9,9,SeaLake,SeaLake
9,9,SeaLake,SeaLake
9,9,SeaLake,SeaLake
9,9,SeaLake,SeaLake
9,9,SeaLake,SeaLake
9,9,SeaLake,SeaLake
9,9,SeaLake,SeaLake
9,9,SeaLake,SeaLake
9,9,SeaLake,SeaLake
9,9,SeaLake,SeaLake
9,9,SeaLake,SeaLake
9,9,SeaLake,SeaLake
9,9,SeaLake,SeaLake
9,9,SeaLake,SeaLake
9,9,SeaLake,SeaLake
9,9,SeaLake,SeaLake
9,9,SeaLake,SeaLake
9,9,SeaLake,SeaLake
9,9,SeaLake,SeaLake
9,9,SeaLake,SeaLake
9,9,SeaLake,SeaLake
9,9,SeaLake,SeaLake
9,9,SeaLake,SeaLake
9,9,SeaLake,SeaLake
9,9,SeaLake,SeaLake
9,9,SeaLake,SeaLake
9,9,SeaLake,SeaLake
9,9,SeaLake,SeaLake
9,9,SeaLake,SeaLake
9,9,SeaLake,SeaLake
9,9,SeaLake,SeaLake
9,9,SeaLake,SeaLake
9,9,SeaLake,SeaLake
9,9,SeaLake,SeaLake
9,9,SeaLake,SeaLake
9,9,SeaLake,SeaLake
9,9,SeaLake,SeaLake
9,9,SeaLake,SeaLake
9,9,SeaLake,SeaLake
9,9,SeaLake,SeaLake
9,9,SeaLake,SeaLake
9,9,SeaLake,SeaLake
9,1,SeaLake,Forest
9,9,SeaLake,SeaLake
9,9,SeaLake,SeaLake
9,9,SeaLake,SeaLake
9,9,SeaLake,SeaLake
9,9,SeaLake,SeaLake
9,9,SeaLake,SeaLake
9,9,SeaLake,SeaLake
9,9,SeaLake,SeaLake
9,9,SeaLake,SeaLake
9,9,SeaLake,SeaLake
9,9,SeaLake,SeaLake
9,9,SeaLake,SeaLake
9,9,SeaLake,SeaLake
9,9,SeaLake,SeaLake
9,9,SeaLake,SeaLake
9,9,SeaLake,SeaLake
9,9,SeaLake,SeaLake
9,9,SeaLake,SeaLake
9,9,SeaLake,SeaLake
9,9,SeaLake,SeaLake
9,9,SeaLake,SeaLake
9,9,SeaLake,SeaLake
9,9,SeaLake,SeaLake
9,9,SeaLake,SeaLake
9,9,SeaLake,SeaLake
9,9,SeaLake,SeaLake
9,9,SeaLake,SeaLake
9,9,SeaLake,SeaLake
9,9,SeaLake,SeaLake
9,9,SeaLake,SeaLake
9,9,SeaLake,SeaLake
9,9,SeaLake,SeaLake
9,9,SeaLake,SeaLake
9,9,SeaLake,SeaLake
9,9,SeaLake,SeaLake
9,9,SeaLake,SeaLake
9,9,SeaLake,SeaLake
9,9,SeaLake,SeaLake
9,9,SeaLake,SeaLake
9,9,SeaLake,SeaLake
9,9,SeaLake,SeaLake
9,9,SeaLake,SeaLake
9,9,SeaLake,SeaLake
9,9,SeaLake,SeaLake
9,9,SeaLake,SeaLake
9,9,SeaLake,SeaLake
9,9,SeaLake,SeaLake
9,9,SeaLake,SeaLake
9,9,SeaLake,SeaLake
9,9,SeaLake,SeaLake
9,9,SeaLake,SeaLake
9,8,SeaLake,River
9,9,SeaLake,SeaLake
9,9,SeaLake,SeaLake
9,9,SeaLake,SeaLake
9,9,SeaLake,SeaLake
9,9,SeaLake,SeaLake
9,9,SeaLake,SeaLake
9,9,SeaLake,SeaLake
9,9,SeaLake,SeaLake
9,9,SeaLake,SeaLake
9,9,SeaLake,SeaLake
9,9,SeaLake,SeaLake
9,9,SeaLake,SeaLake
9,9,SeaLake,SeaLake
9,9,SeaLake,SeaLake
9,9,SeaLake,SeaLake
9,9,SeaLake,SeaLake
9,9,SeaLake,SeaLake
9,9,SeaLake,SeaLake
9,9,SeaLake,SeaLake
9,9,SeaLake,SeaLake
9,9,SeaLake,SeaLake
9,9,SeaLake,SeaLake
9,9,SeaLake,SeaLake
9,9,SeaLake,SeaLake
9,9,SeaLake,SeaLake
9,9,SeaLake,SeaLake
9,9,SeaLake,SeaLake
9,9,SeaLake,SeaLake
9,9,SeaLake,SeaLake
9,9,SeaLake,SeaLake
9,9,SeaLake,SeaLake
9,9,SeaLake,SeaLake
9,9,SeaLake,SeaLake
9,9,SeaLake,SeaLake
9,9,SeaLake,SeaLake
9,9,SeaLake,SeaLake
9,1,SeaLake,Forest
9,9,SeaLake,SeaLake
9,9,SeaLake,SeaLake
9,9,SeaLake,SeaLake
9,9,SeaLake,SeaLake
9,9,SeaLake,SeaLake
9,9,SeaLake,SeaLake
9,9,SeaLake,SeaLake
9,9,SeaLake,SeaLake
9,9,SeaLake,SeaLake
9,9,SeaLake,SeaLake
9,9,SeaLake,SeaLake
9,9,SeaLake,SeaLake
9,9,SeaLake,SeaLake
9,9,SeaLake,SeaLake
9,9,SeaLake,SeaLake
9,9,SeaLake,SeaLake
9,9,SeaLake,SeaLake
9,9,SeaLake,SeaLake
9,9,SeaLake,SeaLake
9,9,SeaLake,SeaLake
9,9,SeaLake,SeaLake
9,9,SeaLake,SeaLake
9,9,SeaLake,SeaLake
9,9,SeaLake,SeaLake
9,9,SeaLake,SeaLake
9,9,SeaLake,SeaLake
9,9,SeaLake,SeaLake
9,9,SeaLake,SeaLake
9,9,SeaLake,SeaLake
9,9,SeaLake,SeaLake
9,9,SeaLake,SeaLake
9,9,SeaLake,SeaLake
9,9,SeaLake,SeaLake
9,9,SeaLake,SeaLake
9,9,SeaLake,SeaLake
9,9,SeaLake,SeaLake
9,9,SeaLake,SeaLake
9,9,SeaLake,SeaLake
9,9,SeaLake,SeaLake
9,9,SeaLake,SeaLake
9,5,SeaLake,Pasture
9,9,SeaLake,SeaLake
9,9,SeaLake,SeaLake
9,9,SeaLake,SeaLake
9,9,SeaLake,SeaLake
9,9,SeaLake,SeaLake
9,9,SeaLake,SeaLake
9,9,SeaLake,SeaLake
9,9,SeaLake,SeaLake
9,9,SeaLake,SeaLake
9,9,SeaLake,SeaLake
9,9,SeaLake,SeaLake
9,9,SeaLake,SeaLake
9,9,SeaLake,SeaLake
9,9,SeaLake,SeaLake
9,9,SeaLake,SeaLake
9,9,SeaLake,SeaLake
9,9,SeaLake,SeaLake
9,9,SeaLake,SeaLake
9,9,SeaLake,SeaLake
9,9,SeaLake,SeaLake
9,9,SeaLake,SeaLake
9,9,SeaLake,SeaLake
9,9,SeaLake,SeaLake
9,9,SeaLake,SeaLake
9,9,SeaLake,SeaLake
9,9,SeaLake,SeaLake
9,9,SeaLake,SeaLake
9,9,SeaLake,SeaLake
9,9,SeaLake,SeaLake
9,9,SeaLake,SeaLake
9,9,SeaLake,SeaLake
9,9,SeaLake,SeaLake
9,9,SeaLake,SeaLake
9,9,SeaLake,SeaLake
9,9,SeaLake,SeaLake
9,9,SeaLake,SeaLake
9,9,SeaLake,SeaLake
9,9,SeaLake,SeaLake
9,9,SeaLake,SeaLake
9,9,SeaLake,SeaLake
9,9,SeaLake,SeaLake
9,9,SeaLake,SeaLake
9,9,SeaLake,SeaLake
9,9,SeaLake,SeaLake
9,9,SeaLake,SeaLake
9,9,SeaLake,SeaLake
9,9,SeaLake,SeaLake
9,9,SeaLake,SeaLake
9,9,SeaLake,SeaLake
9,9,SeaLake,SeaLake
9,9,SeaLake,SeaLake
9,9,SeaLake,SeaLake
9,9,SeaLake,SeaLake
9,9,SeaLake,SeaLake
9,9,SeaLake,SeaLake
9,9,SeaLake,SeaLake
9,9,SeaLake,SeaLake
9,9,SeaLake,SeaLake
9,9,SeaLake,SeaLake
9,9,SeaLake,SeaLake
9,9,SeaLake,SeaLake
9,9,SeaLake,SeaLake
9,9,SeaLake,SeaLake
9,9,SeaLake,SeaLake
9,9,SeaLake,SeaLake
9,1,SeaLake,Forest
9,9,SeaLake,SeaLake
9,9,SeaLake,SeaLake
9,9,SeaLake,SeaLake
9,9,SeaLake,SeaLake
9,9,SeaLake,SeaLake
9,9,SeaLake,SeaLake
9,9,SeaLake,SeaLake
9,9,SeaLake,SeaLake
9,9,SeaLake,SeaLake
9,9,SeaLake,SeaLake
9,9,SeaLake,SeaLake
9,9,SeaLake,SeaLake
9,9,SeaLake,SeaLake
9,9,SeaLake,SeaLake
9,9,SeaLake,SeaLake
9,9,SeaLake,SeaLake
9,9,SeaLake,SeaLake
9,9,SeaLake,SeaLake
9,9,SeaLake,SeaLake
9,9,SeaLake,SeaLake
9,9,SeaLake,SeaLake
9,9,SeaLake,SeaLake
9,9,SeaLake,SeaLake
9,9,SeaLake,SeaLake
9,9,SeaLake,SeaLake
9,9,SeaLake,SeaLake
9,9,SeaLake,SeaLake
9,9,SeaLake,SeaLake
9,9,SeaLake,SeaLake
9,9,SeaLake,SeaLake
9,9,SeaLake,SeaLake
9,9,SeaLake,SeaLake
9,9,SeaLake,SeaLake
9,9,SeaLake,SeaLake
9,9,SeaLake,SeaLake
9,9,SeaLake,SeaLake
9,9,SeaLake,SeaLake
9,9,SeaLake,SeaLake
9,9,SeaLake,SeaLake
9,9,SeaLake,SeaLake
9,9,SeaLake,SeaLake
9,9,SeaLake,SeaLake
9,1,SeaLake,Forest
9,9,SeaLake,SeaLake
9,9,SeaLake,SeaLake
9,9,SeaLake,SeaLake
9,9,SeaLake,SeaLake
9,9,SeaLake,SeaLake
9,9,SeaLake,SeaLake
9,9,SeaLake,SeaLake
9,9,SeaLake,SeaLake
9,9,SeaLake,SeaLake
9,9,SeaLake,SeaLake
9,9,SeaLake,SeaLake
9,9,SeaLake,SeaLake
9,9,SeaLake,SeaLake
9,9,SeaLake,SeaLake
9,9,SeaLake,SeaLake
9,9,SeaLake,SeaLake
9,9,SeaLake,SeaLake
9,9,SeaLake,SeaLake
9,1,SeaLake,Forest
9,0,SeaLake,AnnualCrop
9,9,SeaLake,SeaLake
9,9,SeaLake,SeaLake
9,9,SeaLake,SeaLake
9,9,SeaLake,SeaLake
9,9,SeaLake,SeaLake
9,9,SeaLake,SeaLake
9,9,SeaLake,SeaLake
9,9,SeaLake,SeaLake
9,9,SeaLake,SeaLake
9,9,SeaLake,SeaLake
9,9,SeaLake,SeaLake
9,9,SeaLake,SeaLake
9,9,SeaLake,SeaLake
9,9,SeaLake,SeaLake
9,9,SeaLake,SeaLake
9,9,SeaLake,SeaLake
9,9,SeaLake,SeaLake
9,9,SeaLake,SeaLake
9,9,SeaLake,SeaLake
9,9,SeaLake,SeaLake
9,9,SeaLake,SeaLake
9,9,SeaLake,SeaLake
9,9,SeaLake,SeaLake
9,9,SeaLake,SeaLake
9,9,SeaLake,SeaLake
9,9,SeaLake,SeaLake
9,9,SeaLake,SeaLake
9,9,SeaLake,SeaLake
9,9,SeaLake,SeaLake
9,9,SeaLake,SeaLake
9,9,SeaLake,SeaLake
9,9,SeaLake,SeaLake
9,9,SeaLake,SeaLake
9,9,SeaLake,SeaLake
9,9,SeaLake,SeaLake
9,9,SeaLake,SeaLake
9,9,SeaLake,SeaLake
9,9,SeaLake,SeaLake
9,9,SeaLake,SeaLake
9,9,SeaLake,SeaLake
9,9,SeaLake,SeaLake
9,9,SeaLake,SeaLake
9,9,SeaLake,SeaLake
9,9,SeaLake,SeaLake
9,9,SeaLake,SeaLake
9,9,SeaLake,SeaLake
9,9,SeaLake,SeaLake
9,9,SeaLake,SeaLake
9,9,SeaLake,SeaLake
9,9,SeaLake,SeaLake
9,9,SeaLake,SeaLake
9,9,SeaLake,SeaLake
9,9,SeaLake,SeaLake
9,9,SeaLake,SeaLake
9,9,SeaLake,SeaLake
9,9,SeaLake,SeaLake
9,9,SeaLake,SeaLake
9,9,SeaLake,SeaLake
9,9,SeaLake,SeaLake
9,9,SeaLake,SeaLake
9,9,SeaLake,SeaLake
9,9,SeaLake,SeaLake
9,9,SeaLake,SeaLake
9,9,SeaLake,SeaLake
9,9,SeaLake,SeaLake
9,9,SeaLake,SeaLake
9,9,SeaLake,SeaLake
9,9,SeaLake,SeaLake
9,9,SeaLake,SeaLake
9,9,SeaLake,SeaLake
9,9,SeaLake,SeaLake
9,9,SeaLake,SeaLake
9,9,SeaLake,SeaLake
9,9,SeaLake,SeaLake
9,9,SeaLake,SeaLake
9,9,SeaLake,SeaLake
9,9,SeaLake,SeaLake
9,9,SeaLake,SeaLake
9,9,SeaLake,SeaLake
9,9,SeaLake,SeaLake
9,9,SeaLake,SeaLake
9,9,SeaLake,SeaLake
9,9,SeaLake,SeaLake
9,9,SeaLake,SeaLake
9,9,SeaLake,SeaLake
9,9,SeaLake,SeaLake
9,9,SeaLake,SeaLake
9,9,SeaLake,SeaLake
9,9,SeaLake,SeaLake
9,9,SeaLake,SeaLake
9,9,SeaLake,SeaLake
9,9,SeaLake,SeaLake
9,9,SeaLake,SeaLake
9,9,SeaLake,SeaLake
9,9,SeaLake,SeaLake
9,9,SeaLake,SeaLake
9,9,SeaLake,SeaLake
9,9,SeaLake,SeaLake
9,9,SeaLake,SeaLake
9,9,SeaLake,SeaLake
9,9,SeaLake,SeaLake
9,9,SeaLake,SeaLake
9,9,SeaLake,SeaLake
9,9,SeaLake,SeaLake
9,9,SeaLake,SeaLake
9,9,SeaLake,SeaLake
9,9,SeaLake,SeaLake
9,9,SeaLake,SeaLake
9,9,SeaLake,SeaLake
9,9,SeaLake,SeaLake
9,9,SeaLake,SeaLake
9,9,SeaLake,SeaLake
9,9,SeaLake,SeaLake
9,9,SeaLake,SeaLake
9,9,SeaLake,SeaLake
9,9,SeaLake,SeaLake
9,9,SeaLake,SeaLake
9,9,SeaLake,SeaLake
9,9,SeaLake,SeaLake
9,9,SeaLake,SeaLake
9,9,SeaLake,SeaLake
9,9,SeaLake,SeaLake
9,9,SeaLake,SeaLake
9,9,SeaLake,SeaLake
9,9,SeaLake,SeaLake
9,9,SeaLake,SeaLake
9,9,SeaLake,SeaLake
9,9,SeaLake,SeaLake
9,9,SeaLake,SeaLake
9,9,SeaLake,SeaLake
9,9,SeaLake,SeaLake
9,9,SeaLake,SeaLake
9,9,SeaLake,SeaLake
9,9,SeaLake,SeaLake
9,9,SeaLake,SeaLake
9,9,SeaLake,SeaLake
9,9,SeaLake,SeaLake
9,9,SeaLake,SeaLake
9,9,SeaLake,SeaLake
9,9,SeaLake,SeaLake
9,9,SeaLake,SeaLake
9,9,SeaLake,SeaLake
9,9,SeaLake,SeaLake
9,9,SeaLake,SeaLake
9,9,SeaLake,SeaLake
9,9,SeaLake,SeaLake
9,9,SeaLake,SeaLake
9,9,SeaLake,SeaLake
9,9,SeaLake,SeaLake
9,9,SeaLake,SeaLake
9,9,SeaLake,SeaLake
9,9,SeaLake,SeaLake
9,9,SeaLake,SeaLake
9,9,SeaLake,SeaLake
9,9,SeaLake,SeaLake
9,9,SeaLake,SeaLake
9,9,SeaLake,SeaLake
9,9,SeaLake,SeaLake
9,9,SeaLake,SeaLake
9,9,SeaLake,SeaLake
9,9,SeaLake,SeaLake
9,9,SeaLake,SeaLake
9,9,SeaLake,SeaLake
9,9,SeaLake,SeaLake
9,9,SeaLake,SeaLake
9,9,SeaLake,SeaLake
9,9,SeaLake,SeaLake
9,9,SeaLake,SeaLake
9,9,SeaLake,SeaLake
9,9,SeaLake,SeaLake
9,9,SeaLake,SeaLake
9,9,SeaLake,SeaLake
9,9,SeaLake,SeaLake
9,9,SeaLake,SeaLake
9,8,SeaLake,River
9,9,SeaLake,SeaLake
9,9,SeaLake,SeaLake
9,9,SeaLake,SeaLake
9,9,SeaLake,SeaLake
9,9,SeaLake,SeaLake
9,9,SeaLake,SeaLake
9,9,SeaLake,SeaLake
9,9,SeaLake,SeaLake
9,9,SeaLake,SeaLake
9,9,SeaLake,SeaLake
9,9,SeaLake,SeaLake
9,9,SeaLake,SeaLake
9,9,SeaLake,SeaLake
9,9,SeaLake,SeaLake
9,9,SeaLake,SeaLake
9,9,SeaLake,SeaLake
9,9,SeaLake,SeaLake
9,9,SeaLake,SeaLake
9,9,SeaLake,SeaLake
9,9,SeaLake,SeaLake
9,9,SeaLake,SeaLake
9,9,SeaLake,SeaLake
9,9,SeaLake,SeaLake
9,9,SeaLake,SeaLake
9,9,SeaLake,SeaLake
9,9,SeaLake,SeaLake
9,9,SeaLake,SeaLake
9,9,SeaLake,SeaLake
9,9,SeaLake,SeaLake
9,9,SeaLake,SeaLake
9,9,SeaLake,SeaLake
9,9,SeaLake,SeaLake
9,9,SeaLake,SeaLake
9,9,SeaLake,SeaLake
9,9,SeaLake,SeaLake
9,9,SeaLake,SeaLake
9,9,SeaLake,SeaLake
9,9,SeaLake,SeaLake
9,9,SeaLake,SeaLake
9,9,SeaLake,SeaLake
9,9,SeaLake,SeaLake
9,9,SeaLake,SeaLake
9,9,SeaLake,SeaLake
9,9,SeaLake,SeaLake
9,1,SeaLake,Forest
9,9,SeaLake,SeaLake
9,9,SeaLake,SeaLake
9,9,SeaLake,SeaLake
9,9,SeaLake,SeaLake
9,1,SeaLake,Forest
9,9,SeaLake,SeaLake
9,9,SeaLake,SeaLake
9,9,SeaLake,SeaLake
9,9,SeaLake,SeaLake
9,9,SeaLake,SeaLake
9,9,SeaLake,SeaLake
9,9,SeaLake,SeaLake
9,9,SeaLake,SeaLake
9,9,SeaLake,SeaLake
9,9,SeaLake,SeaLake
9,9,SeaLake,SeaLake
9,9,SeaLake,SeaLake
9,9,SeaLake,SeaLake
9,9,SeaLake,SeaLake
9,5,SeaLake,Pasture
9,9,SeaLake,SeaLake
9,9,SeaLake,SeaLake
9,9,SeaLake,SeaLake
9,9,SeaLake,SeaLake
9,9,SeaLake,SeaLake
9,9,SeaLake,SeaLake
9,9,SeaLake,SeaLake
9,9,SeaLake,SeaLake
9,9,SeaLake,SeaLake
9,9,SeaLake,SeaLake
9,9,SeaLake,SeaLake
9,9,SeaLake,SeaLake
9,9,SeaLake,SeaLake
9,9,SeaLake,SeaLake
9,9,SeaLake,SeaLake
9,9,SeaLake,SeaLake
9,9,SeaLake,SeaLake
9,9,SeaLake,SeaLake
9,9,SeaLake,SeaLake
9,9,SeaLake,SeaLake
9,9,SeaLake,SeaLake
9,9,SeaLake,SeaLake
9,9,SeaLake,SeaLake
9,9,SeaLake,SeaLake
9,9,SeaLake,SeaLake
9,9,SeaLake,SeaLake
9,9,SeaLake,SeaLake
9,9,SeaLake,SeaLake
9,9,SeaLake,SeaLake
9,9,SeaLake,SeaLake
9,9,SeaLake,SeaLake
9,9,SeaLake,SeaLake
9,9,SeaLake,SeaLake
9,9,SeaLake,SeaLake
9,9,SeaLake,SeaLake
9,9,SeaLake,SeaLake
9,9,SeaLake,SeaLake
9,9,SeaLake,SeaLake
9,9,SeaLake,SeaLake
9,9,SeaLake,SeaLake
9,9,SeaLake,SeaLake
9,9,SeaLake,SeaLake
9,9,SeaLake,SeaLake
9,9,SeaLake,SeaLake
9,9,SeaLake,SeaLake
9,9,SeaLake,SeaLake
9,9,SeaLake,SeaLake
9,9,SeaLake,SeaLake
9,9,SeaLake,SeaLake
9,9,SeaLake,SeaLake
9,9,SeaLake,SeaLake
9,9,SeaLake,SeaLake
9,9,SeaLake,SeaLake
9,9,SeaLake,SeaLake
9,9,SeaLake,SeaLake
9,9,SeaLake,SeaLake
9,9,SeaLake,SeaLake
9,9,SeaLake,SeaLake
9,9,SeaLake,SeaLake
9,9,SeaLake,SeaLake
9,9,SeaLake,SeaLake
9,9,SeaLake,SeaLake
9,9,SeaLake,SeaLake
9,9,SeaLake,SeaLake
9,1,SeaLake,Forest
9,9,SeaLake,SeaLake
9,9,SeaLake,SeaLake
9,9,SeaLake,SeaLake
9,9,SeaLake,SeaLake
9,9,SeaLake,SeaLake
9,9,SeaLake,SeaLake
9,9,SeaLake,SeaLake
9,9,SeaLake,SeaLake
9,9,SeaLake,SeaLake
9,9,SeaLake,SeaLake
9,9,SeaLake,SeaLake
9,9,SeaLake,SeaLake
9,9,SeaLake,SeaLake
9,9,SeaLake,SeaLake
9,9,SeaLake,SeaLake
9,9,SeaLake,SeaLake
9,9,SeaLake,SeaLake
9,9,SeaLake,SeaLake
9,9,SeaLake,SeaLake
9,9,SeaLake,SeaLake
9,9,SeaLake,SeaLake
9,9,SeaLake,SeaLake
9,9,SeaLake,SeaLake
9,9,SeaLake,SeaLake
9,9,SeaLake,SeaLake
9,9,SeaLake,SeaLake
9,9,SeaLake,SeaLake
9,9,SeaLake,SeaLake
9,0,SeaLake,AnnualCrop
9,9,SeaLake,SeaLake
9,9,SeaLake,SeaLake
9,9,SeaLake,SeaLake
9,9,SeaLake,SeaLake
9,9,SeaLake,SeaLake
9,9,SeaLake,SeaLake
9,9,SeaLake,SeaLake
9,9,SeaLake,SeaLake
9,9,SeaLake,SeaLake
9,9,SeaLake,SeaLake
9,9,SeaLake,SeaLake
9,9,SeaLake,SeaLake
9,9,SeaLake,SeaLake
9,9,SeaLake,SeaLake
9,9,SeaLake,SeaLake
9,9,SeaLake,SeaLake
9,9,SeaLake,SeaLake
9,9,SeaLake,SeaLake
9,9,SeaLake,SeaLake
9,8,SeaLake,River
9,9,SeaLake,SeaLake
9,9,SeaLake,SeaLake
9,9,SeaLake,SeaLake
9,9,SeaLake,SeaLake
9,9,SeaLake,SeaLake
9,9,SeaLake,SeaLake
9,9,SeaLake,SeaLake
9,9,SeaLake,SeaLake
9,9,SeaLake,SeaLake
9,9,SeaLake,SeaLake
9,9,SeaLake,SeaLake
9,9,SeaLake,SeaLake
9,9,SeaLake,SeaLake
9,9,SeaLake,SeaLake
9,9,SeaLake,SeaLake
9,9,SeaLake,SeaLake
9,9,SeaLake,SeaLake
9,9,SeaLake,SeaLake
9,9,SeaLake,SeaLake
9,9,SeaLake,SeaLake
9,9,SeaLake,SeaLake
9,9,SeaLake,SeaLake
9,9,SeaLake,SeaLake
9,9,SeaLake,SeaLake
9,9,SeaLake,SeaLake
9,9,SeaLake,SeaLake
9,9,SeaLake,SeaLake
9,9,SeaLake,SeaLake
9,9,SeaLake,SeaLake
9,9,SeaLake,SeaLake
9,9,SeaLake,SeaLake
9,9,SeaLake,SeaLake
9,9,SeaLake,SeaLake
9,9,SeaLake,SeaLake
9,9,SeaLake,SeaLake
9,9,SeaLake,SeaLake
9,9,SeaLake,SeaLake
9,9,SeaLake,SeaLake
9,9,SeaLake,SeaLake
9,9,SeaLake,SeaLake
9,1,SeaLake,Forest
9,9,SeaLake,SeaLake
9,9,SeaLake,SeaLake
9,9,SeaLake,SeaLake
9,9,SeaLake,SeaLake
9,9,SeaLake,SeaLake
9,9,SeaLake,SeaLake
9,9,SeaLake,SeaLake
9,9,SeaLake,SeaLake
9,9,SeaLake,SeaLake
9,9,SeaLake,SeaLake
9,9,SeaLake,SeaLake
9,9,SeaLake,SeaLake
9,9,SeaLake,SeaLake
9,9,SeaLake,SeaLake
9,9,SeaLake,SeaLake
9,9,SeaLake,SeaLake
9,9,SeaLake,SeaLake
9,9,SeaLake,SeaLake
9,9,SeaLake,SeaLake
9,9,SeaLake,SeaLake
9,9,SeaLake,SeaLake
9,9,SeaLake,SeaLake
9,9,SeaLake,SeaLake
9,9,SeaLake,SeaLake
9,9,SeaLake,SeaLake
9,9,SeaLake,SeaLake
9,9,SeaLake,SeaLake
9,9,SeaLake,SeaLake
9,9,SeaLake,SeaLake
9,9,SeaLake,SeaLake
9,9,SeaLake,SeaLake
9,9,SeaLake,SeaLake
9,9,SeaLake,SeaLake
9,9,SeaLake,SeaLake
9,9,SeaLake,SeaLake
9,9,SeaLake,SeaLake
9,9,SeaLake,SeaLake
9,9,SeaLake,SeaLake
9,9,SeaLake,SeaLake
9,9,SeaLake,SeaLake
9,9,SeaLake,SeaLake
9,9,SeaLake,SeaLake
9,9,SeaLake,SeaLake
9,9,SeaLake,SeaLake
9,9,SeaLake,SeaLake
9,9,SeaLake,SeaLake
9,9,SeaLake,SeaLake
9,9,SeaLake,SeaLake
9,9,SeaLake,SeaLake
9,9,SeaLake,SeaLake
9,9,SeaLake,SeaLake
9,9,SeaLake,SeaLake
9,9,SeaLake,SeaLake
9,9,SeaLake,SeaLake
9,9,SeaLake,SeaLake
9,9,SeaLake,SeaLake
9,9,SeaLake,SeaLake
9,9,SeaLake,SeaLake
9,9,SeaLake,SeaLake
9,9,SeaLake,SeaLake
9,9,SeaLake,SeaLake
9,9,SeaLake,SeaLake
9,9,SeaLake,SeaLake
9,9,SeaLake,SeaLake
9,9,SeaLake,SeaLake
9,9,SeaLake,SeaLake
9,9,SeaLake,SeaLake
9,9,SeaLake,SeaLake
9,9,SeaLake,SeaLake
9,9,SeaLake,SeaLake
9,9,SeaLake,SeaLake
9,9,SeaLake,SeaLake
9,9,SeaLake,SeaLake
9,9,SeaLake,SeaLake
9,9,SeaLake,SeaLake
9,9,SeaLake,SeaLake
9,9,SeaLake,SeaLake
9,9,SeaLake,SeaLake
9,9,SeaLake,SeaLake
9,9,SeaLake,SeaLake
9,9,SeaLake,SeaLake
9,9,SeaLake,SeaLake
9,9,SeaLake,SeaLake
9,9,SeaLake,SeaLake
9,9,SeaLake,SeaLake
9,9,SeaLake,SeaLake
9,9,SeaLake,SeaLake
9,9,SeaLake,SeaLake
9,9,SeaLake,SeaLake
9,9,SeaLake,SeaLake
9,9,SeaLake,SeaLake
9,9,SeaLake,SeaLake
9,9,SeaLake,SeaLake
9,9,SeaLake,SeaLake
9,9,SeaLake,SeaLake
9,9,SeaLake,SeaLake
9,9,SeaLake,SeaLake
9,9,SeaLake,SeaLake
9,9,SeaLake,SeaLake
9,9,SeaLake,SeaLake
9,9,SeaLake,SeaLake
9,9,SeaLake,SeaLake
9,9,SeaLake,SeaLake
9,9,SeaLake,SeaLake
9,9,SeaLake,SeaLake
9,9,SeaLake,SeaLake
9,9,SeaLake,SeaLake
9,9,SeaLake,SeaLake
9,9,SeaLake,SeaLake
9,9,SeaLake,SeaLake
9,9,SeaLake,SeaLake
9,9,SeaLake,SeaLake
9,9,SeaLake,SeaLake
9,9,SeaLake,SeaLake
9,9,SeaLake,SeaLake
9,9,SeaLake,SeaLake
9,9,SeaLake,SeaLake
9,9,SeaLake,SeaLake
9,9,SeaLake,SeaLake
9,9,SeaLake,SeaLake
9,9,SeaLake,SeaLake
9,9,SeaLake,SeaLake
9,9,SeaLake,SeaLake
9,9,SeaLake,SeaLake
9,9,SeaLake,SeaLake
9,9,SeaLake,SeaLake
9,9,SeaLake,SeaLake
9,9,SeaLake,SeaLake
9,9,SeaLake,SeaLake
9,9,SeaLake,SeaLake
9,9,SeaLake,SeaLake
9,9,SeaLake,SeaLake
9,9,SeaLake,SeaLake
9,9,SeaLake,SeaLake
9,9,SeaLake,SeaLake
9,9,SeaLake,SeaLake
9,9,SeaLake,SeaLake
9,9,SeaLake,SeaLake
9,9,SeaLake,SeaLake
9,9,SeaLake,SeaLake
9,9,SeaLake,SeaLake
9,9,SeaLake,SeaLake
9,9,SeaLake,SeaLake
9,9,SeaLake,SeaLake
9,9,SeaLake,SeaLake
9,9,SeaLake,SeaLake
9,9,SeaLake,SeaLake
9,9,SeaLake,SeaLake
9,9,SeaLake,SeaLake
9,9,SeaLake,SeaLake
9,9,SeaLake,SeaLake
9,9,SeaLake,SeaLake
9,9,SeaLake,SeaLake
9,9,SeaLake,SeaLake
9,9,SeaLake,SeaLake
9,9,SeaLake,SeaLake
9,9,SeaLake,SeaLake
9,9,SeaLake,SeaLake
9,9,SeaLake,SeaLake
9,9,SeaLake,SeaLake
9,9,SeaLake,SeaLake
9,9,SeaLake,SeaLake
9,9,SeaLake,SeaLake
9,9,SeaLake,SeaLake
9,9,SeaLake,SeaLake
9,9,SeaLake,SeaLake
9,9,SeaLake,SeaLake
9,9,SeaLake,SeaLake
9,9,SeaLake,SeaLake
9,9,SeaLake,SeaLake
9,9,SeaLake,SeaLake
9,9,SeaLake,SeaLake
9,9,SeaLake,SeaLake
9,9,SeaLake,SeaLake
9,9,SeaLake,SeaLake
9,9,SeaLake,SeaLake
9,9,SeaLake,SeaLake
9,9,SeaLake,SeaLake
9,9,SeaLake,SeaLake
9,9,SeaLake,SeaLake
9,9,SeaLake,SeaLake
9,9,SeaLake,SeaLake
9,9,SeaLake,SeaLake
9,9,SeaLake,SeaLake
9,9,SeaLake,SeaLake
9,9,SeaLake,SeaLake
9,9,SeaLake,SeaLake
9,9,SeaLake,SeaLake
9,9,SeaLake,SeaLake
9,9,SeaLake,SeaLake
9,9,SeaLake,SeaLake
9,9,SeaLake,SeaLake
9,9,SeaLake,SeaLake
9,9,SeaLake,SeaLake
9,9,SeaLake,SeaLake
9,9,SeaLake,SeaLake
9,9,SeaLake,SeaLake
9,9,SeaLake,SeaLake
9,9,SeaLake,SeaLake
9,9,SeaLake,SeaLake
9,9,SeaLake,SeaLake
9,9,SeaLake,SeaLake
9,9,SeaLake,SeaLake
9,9,SeaLake,SeaLake
9,9,SeaLake,SeaLake
9,9,SeaLake,SeaLake
9,9,SeaLake,SeaLake
9,9,SeaLake,SeaLake
9,9,SeaLake,SeaLake
9,9,SeaLake,SeaLake
9,9,SeaLake,SeaLake
9,9,SeaLake,SeaLake
9,9,SeaLake,SeaLake
9,9,SeaLake,SeaLake
9,9,SeaLake,SeaLake
9,9,SeaLake,SeaLake
9,9,SeaLake,SeaLake
9,9,SeaLake,SeaLake
9,9,SeaLake,SeaLake
9,9,SeaLake,SeaLake
9,9,SeaLake,SeaLake
9,9,SeaLake,SeaLake
9,9,SeaLake,SeaLake
9,9,SeaLake,SeaLake
9,9,SeaLake,SeaLake
9,9,SeaLake,SeaLake
9,9,SeaLake,SeaLake
9,9,SeaLake,SeaLake
9,9,SeaLake,SeaLake
9,9,SeaLake,SeaLake
9,9,SeaLake,SeaLake
9,9,SeaLake,SeaLake
9,9,SeaLake,SeaLake
9,9,SeaLake,SeaLake
9,9,SeaLake,SeaLake
9,9,SeaLake,SeaLake
9,9,SeaLake,SeaLake
9,9,SeaLake,SeaLake
9,9,SeaLake,SeaLake
9,0,SeaLake,AnnualCrop
9,9,SeaLake,SeaLake
9,9,SeaLake,SeaLake
9,9,SeaLake,SeaLake
9,9,SeaLake,SeaLake
9,9,SeaLake,SeaLake
9,9,SeaLake,SeaLake
9,9,SeaLake,SeaLake
9,9,SeaLake,SeaLake
9,9,SeaLake,SeaLake
9,9,SeaLake,SeaLake
9,1,SeaLake,Forest
9,9,SeaLake,SeaLake
9,9,SeaLake,SeaLake
9,9,SeaLake,SeaLake
9,9,SeaLake,SeaLake
9,9,SeaLake,SeaLake
9,9,SeaLake,SeaLake
9,9,SeaLake,SeaLake
9,9,SeaLake,SeaLake
9,9,SeaLake,SeaLake
9,9,SeaLake,SeaLake
9,9,SeaLake,SeaLake
9,9,SeaLake,SeaLake
9,9,SeaLake,SeaLake
9,9,SeaLake,SeaLake
9,9,SeaLake,SeaLake
9,9,SeaLake,SeaLake
9,9,SeaLake,SeaLake
9,9,SeaLake,SeaLake
9,9,SeaLake,SeaLake
9,9,SeaLake,SeaLake
9,9,SeaLake,SeaLake
9,9,SeaLake,SeaLake
9,9,SeaLake,SeaLake
9,9,SeaLake,SeaLake
9,9,SeaLake,SeaLake
9,9,SeaLake,SeaLake
9,9,SeaLake,SeaLake
9,9,SeaLake,SeaLake
9,9,SeaLake,SeaLake
9,9,SeaLake,SeaLake
9,9,SeaLake,SeaLake
9,9,SeaLake,SeaLake
9,9,SeaLake,SeaLake
9,9,SeaLake,SeaLake
9,9,SeaLake,SeaLake
9,9,SeaLake,SeaLake
9,8,SeaLake,River
9,9,SeaLake,SeaLake
9,9,SeaLake,SeaLake
9,9,SeaLake,SeaLake
9,9,SeaLake,SeaLake
9,9,SeaLake,SeaLake
9,9,SeaLake,SeaLake
9,9,SeaLake,SeaLake
9,9,SeaLake,SeaLake
9,9,SeaLake,SeaLake
9,9,SeaLake,SeaLake
9,9,SeaLake,SeaLake
9,9,SeaLake,SeaLake
9,9,SeaLake,SeaLake
9,9,SeaLake,SeaLake
9,9,SeaLake,SeaLake
9,9,SeaLake,SeaLake
9,9,SeaLake,SeaLake
9,9,SeaLake,SeaLake
9,9,SeaLake,SeaLake
9,9,SeaLake,SeaLake
9,9,SeaLake,SeaLake
9,9,SeaLake,SeaLake
9,9,SeaLake,SeaLake
9,9,SeaLake,SeaLake
9,9,SeaLake,SeaLake
9,9,SeaLake,SeaLake
9,9,SeaLake,SeaLake
9,9,SeaLake,SeaLake
9,9,SeaLake,SeaLake
9,9,SeaLake,SeaLake
9,9,SeaLake,SeaLake
9,9,SeaLake,SeaLake
9,9,SeaLake,SeaLake
9,9,SeaLake,SeaLake
9,9,SeaLake,SeaLake
9,9,SeaLake,SeaLake
9,9,SeaLake,SeaLake
9,9,SeaLake,SeaLake
9,9,SeaLake,SeaLake
9,9,SeaLake,SeaLake
9,9,SeaLake,SeaLake
9,9,SeaLake,SeaLake
9,9,SeaLake,SeaLake
9,9,SeaLake,SeaLake
9,9,SeaLake,SeaLake
9,9,SeaLake,SeaLake
9,9,SeaLake,SeaLake
9,9,SeaLake,SeaLake
9,9,SeaLake,SeaLake
9,9,SeaLake,SeaLake
9,9,SeaLake,SeaLake
9,9,SeaLake,SeaLake
9,1,SeaLake,Forest
9,9,SeaLake,SeaLake
9,9,SeaLake,SeaLake
9,9,SeaLake,SeaLake
9,9,SeaLake,SeaLake
9,9,SeaLake,SeaLake
9,9,SeaLake,SeaLake
9,9,SeaLake,SeaLake
9,9,SeaLake,SeaLake
9,9,SeaLake,SeaLake
9,9,SeaLake,SeaLake
9,9,SeaLake,SeaLake
9,9,SeaLake,SeaLake
9,9,SeaLake,SeaLake
9,9,SeaLake,SeaLake
9,9,SeaLake,SeaLake
9,9,SeaLake,SeaLake
9,9,SeaLake,SeaLake
9,9,SeaLake,SeaLake
9,9,SeaLake,SeaLake
9,9,SeaLake,SeaLake
9,9,SeaLake,SeaLake
9,9,SeaLake,SeaLake
9,9,SeaLake,SeaLake
9,9,SeaLake,SeaLake
9,9,SeaLake,SeaLake
9,9,SeaLake,SeaLake
9,9,SeaLake,SeaLake
9,9,SeaLake,SeaLake
9,9,SeaLake,SeaLake
9,9,SeaLake,SeaLake
9,9,SeaLake,SeaLake
9,9,SeaLake,SeaLake
9,9,SeaLake,SeaLake
9,9,SeaLake,SeaLake
9,9,SeaLake,SeaLake
9,9,SeaLake,SeaLake
9,9,SeaLake,SeaLake
9,9,SeaLake,SeaLake
9,9,SeaLake,SeaLake
9,9,SeaLake,SeaLake
9,9,SeaLake,SeaLake
9,9,SeaLake,SeaLake
9,9,SeaLake,SeaLake
9,9,SeaLake,SeaLake
9,9,SeaLake,SeaLake
9,9,SeaLake,SeaLake
9,9,SeaLake,SeaLake
9,9,SeaLake,SeaLake
9,9,SeaLake,SeaLake
9,9,SeaLake,SeaLake
9,9,SeaLake,SeaLake
9,9,SeaLake,SeaLake
9,9,SeaLake,SeaLake
9,9,SeaLake,SeaLake
9,9,SeaLake,SeaLake
9,9,SeaLake,SeaLake
9,9,SeaLake,SeaLake
9,9,SeaLake,SeaLake
9,9,SeaLake,SeaLake
9,9,SeaLake,SeaLake
9,9,SeaLake,SeaLake
9,9,SeaLake,SeaLake
9,9,SeaLake,SeaLake
9,9,SeaLake,SeaLake
9,9,SeaLake,SeaLake
9,9,SeaLake,SeaLake
9,9,SeaLake,SeaLake
9,9,SeaLake,SeaLake
9,9,SeaLake,SeaLake
9,9,SeaLake,SeaLake
9,9,SeaLake,SeaLake
9,9,SeaLake,SeaLake
9,1,SeaLake,Forest
9,9,SeaLake,SeaLake
9,5,SeaLake,Pasture
9,9,SeaLake,SeaLake
9,9,SeaLake,SeaLake
9,9,SeaLake,SeaLake
9,9,SeaLake,SeaLake
9,9,SeaLake,SeaLake
9,9,SeaLake,SeaLake
9,9,SeaLake,SeaLake
9,9,SeaLake,SeaLake
9,9,SeaLake,SeaLake
9,9,SeaLake,SeaLake
9,9,SeaLake,SeaLake
9,9,SeaLake,SeaLake
9,9,SeaLake,SeaLake
9,9,SeaLake,SeaLake
9,9,SeaLake,SeaLake
9,9,SeaLake,SeaLake
9,9,SeaLake,SeaLake
9,9,SeaLake,SeaLake
9,9,SeaLake,SeaLake
9,9,SeaLake,SeaLake
9,9,SeaLake,SeaLake
9,9,SeaLake,SeaLake
9,9,SeaLake,SeaLake
9,9,SeaLake,SeaLake
9,9,SeaLake,SeaLake
9,9,SeaLake,SeaLake
9,9,SeaLake,SeaLake
9,9,SeaLake,SeaLake
9,9,SeaLake,SeaLake
9,9,SeaLake,SeaLake
9,9,SeaLake,SeaLake
9,9,SeaLake,SeaLake
9,9,SeaLake,SeaLake
9,9,SeaLake,SeaLake
9,9,SeaLake,SeaLake
9,9,SeaLake,SeaLake
9,9,SeaLake,SeaLake
9,9,SeaLake,SeaLake
9,9,SeaLake,SeaLake
9,9,SeaLake,SeaLake
9,9,SeaLake,SeaLake
9,9,SeaLake,SeaLake
9,9,SeaLake,SeaLake
9,9,SeaLake,SeaLake
9,9,SeaLake,SeaLake
9,9,SeaLake,SeaLake
9,2,SeaLake,HerbaceousVegetation
9,9,SeaLake,SeaLake
9,9,SeaLake,SeaLake
9,9,SeaLake,SeaLake
9,9,SeaLake,SeaLake
9,9,SeaLake,SeaLake
9,9,SeaLake,SeaLake
9,9,SeaLake,SeaLake
9,9,SeaLake,SeaLake
9,5,SeaLake,Pasture
9,9,SeaLake,SeaLake
9,9,SeaLake,SeaLake
9,9,SeaLake,SeaLake
9,9,SeaLake,SeaLake
9,9,SeaLake,SeaLake
9,9,SeaLake,SeaLake
9,9,SeaLake,SeaLake
9,9,SeaLake,SeaLake
9,9,SeaLake,SeaLake
9,9,SeaLake,SeaLake
9,9,SeaLake,SeaLake
9,9,SeaLake,SeaLake
9,9,SeaLake,SeaLake
9,9,SeaLake,SeaLake
9,9,SeaLake,SeaLake
9,9,SeaLake,SeaLake
9,9,SeaLake,SeaLake
9,9,SeaLake,SeaLake
9,9,SeaLake,SeaLake
9,9,SeaLake,SeaLake
9,9,SeaLake,SeaLake
9,9,SeaLake,SeaLake
9,9,SeaLake,SeaLake
9,9,SeaLake,SeaLake
9,9,SeaLake,SeaLake
9,9,SeaLake,SeaLake
9,9,SeaLake,SeaLake
9,9,SeaLake,SeaLake
9,9,SeaLake,SeaLake
9,9,SeaLake,SeaLake
9,9,SeaLake,SeaLake
9,9,SeaLake,SeaLake
9,9,SeaLake,SeaLake
9,9,SeaLake,SeaLake
9,9,SeaLake,SeaLake
9,9,SeaLake,SeaLake
9,9,SeaLake,SeaLake
9,9,SeaLake,SeaLake
9,9,SeaLake,SeaLake
9,9,SeaLake,SeaLake
9,9,SeaLake,SeaLake
9,9,SeaLake,SeaLake
9,9,SeaLake,SeaLake
9,9,SeaLake,SeaLake
9,9,SeaLake,SeaLake
9,9,SeaLake,SeaLake
9,1,SeaLake,Forest
9,9,SeaLake,SeaLake
9,9,SeaLake,SeaLake
9,9,SeaLake,SeaLake
9,9,SeaLake,SeaLake
9,9,SeaLake,SeaLake
9,9,SeaLake,SeaLake
9,9,SeaLake,SeaLake
9,9,SeaLake,SeaLake
9,9,SeaLake,SeaLake
9,9,SeaLake,SeaLake
9,1,SeaLake,Forest
9,9,SeaLake,SeaLake
9,9,SeaLake,SeaLake
9,9,SeaLake,SeaLake
9,9,SeaLake,SeaLake
9,9,SeaLake,SeaLake
9,9,SeaLake,SeaLake
9,9,SeaLake,SeaLake
9,9,SeaLake,SeaLake
9,9,SeaLake,SeaLake
9,9,SeaLake,SeaLake
9,9,SeaLake,SeaLake
9,9,SeaLake,SeaLake
9,9,SeaLake,SeaLake
9,9,SeaLake,SeaLake
9,9,SeaLake,SeaLake
9,9,SeaLake,SeaLake
9,9,SeaLake,SeaLake
9,9,SeaLake,SeaLake
9,9,SeaLake,SeaLake
9,9,SeaLake,SeaLake
9,9,SeaLake,SeaLake
9,9,SeaLake,SeaLake
9,9,SeaLake,SeaLake
9,9,SeaLake,SeaLake
9,9,SeaLake,SeaLake
9,9,SeaLake,SeaLake
9,9,SeaLake,SeaLake
9,9,SeaLake,SeaLake
9,9,SeaLake,SeaLake
9,9,SeaLake,SeaLake
9,9,SeaLake,SeaLake
9,9,SeaLake,SeaLake
9,9,SeaLake,SeaLake
9,9,SeaLake,SeaLake
9,9,SeaLake,SeaLake
9,9,SeaLake,SeaLake
9,9,SeaLake,SeaLake
9,9,SeaLake,SeaLake
9,9,SeaLake,SeaLake
9,9,SeaLake,SeaLake
9,9,SeaLake,SeaLake
9,9,SeaLake,SeaLake
9,9,SeaLake,SeaLake
9,9,SeaLake,SeaLake
9,9,SeaLake,SeaLake
9,9,SeaLake,SeaLake
9,9,SeaLake,SeaLake
9,9,SeaLake,SeaLake
9,9,SeaLake,SeaLake
9,9,SeaLake,SeaLake
9,9,SeaLake,SeaLake
9,9,SeaLake,SeaLake
9,9,SeaLake,SeaLake
9,9,SeaLake,SeaLake
9,9,SeaLake,SeaLake
9,9,SeaLake,SeaLake
9,9,SeaLake,SeaLake
9,9,SeaLake,SeaLake
9,9,SeaLake,SeaLake
9,9,SeaLake,SeaLake
9,9,SeaLake,SeaLake
9,9,SeaLake,SeaLake
9,9,SeaLake,SeaLake
9,9,SeaLake,SeaLake
9,9,SeaLake,SeaLake
9,9,SeaLake,SeaLake
9,9,SeaLake,SeaLake
9,9,SeaLake,SeaLake
9,9,SeaLake,SeaLake
9,1,SeaLake,Forest
9,9,SeaLake,SeaLake
9,9,SeaLake,SeaLake
9,9,SeaLake,SeaLake
9,9,SeaLake,SeaLake
9,9,SeaLake,SeaLake
9,9,SeaLake,SeaLake
9,9,SeaLake,SeaLake
9,9,SeaLake,SeaLake
9,9,SeaLake,SeaLake
9,9,SeaLake,SeaLake
9,9,SeaLake,SeaLake
9,9,SeaLake,SeaLake
9,9,SeaLake,SeaLake
9,9,SeaLake,SeaLake
9,9,SeaLake,SeaLake
9,9,SeaLake,SeaLake
9,9,SeaLake,SeaLake
9,9,SeaLake,SeaLake
9,9,SeaLake,SeaLake
9,9,SeaLake,SeaLake
9,9,SeaLake,SeaLake
9,9,SeaLake,SeaLake
9,9,SeaLake,SeaLake
9,9,SeaLake,SeaLake
9,9,SeaLake,SeaLake
9,9,SeaLake,SeaLake
9,9,SeaLake,SeaLake
